{"stats":{"minecraft:killed":{"minecraft:sheep":1,"minecraft:spider":2},"minecraft:custom":{"minecraft:time_since_rest":64904,"minecraft:interact_with_furnace":4,"minecraft:sprint_one_cm":18546,"minecraft:damage_taken":70,"minecraft:walk_one_cm":99402,"minecraft:mob_kills":3,"minecraft:damage_dealt":400,"minecraft:swim_one_cm":3429,"minecraft:interact_with_crafting_table":11,"minecraft:fly_one_cm":5374,"minecraft:open_chest":1,"minecraft:crouch_one_cm":74,"minecraft:play_time":64904,"minecraft:sneak_time":162,"minecraft:walk_under_water_one_cm":780,"minecraft:jump":180,"minecraft:leave_game":1,"minecraft:time_since_death":64904,"minecraft:walk_on_water_one_cm":4721,"minecraft:total_world_time":64904,"minecraft:fish_caught":15,"minecraft:fall_one_cm":2785},"minecraft:crafted":{"minecraft:stone_shovel":1,"minecraft:fishing_rod":1,"minecraft:crafting_table":1,"minecraft:stick":24,"minecraft:wooden_pickaxe":1,"minecraft:stone_pickaxe":4,"minecraft:stone_sword":1,"minecraft:chest":2,"minecraft:furnace":1,"minecraft:birch_door":3,"minecraft:torch":24,"minecraft:birch_planks":52,"minecraft:stone_axe":1,"minecraft:cooked_mutton":1},"minecraft:picked_up":{"minecraft:birch_log":13,"minecraft:crafting_table":1,"minecraft:birch_door":1,"minecraft:tripwire_hook":1,"minecraft:salmon":4,"minecraft:torch":2,"minecraft:potion":1,"minecraft:sand":19,"minecraft:lily_pad":1,"minecraft:string":2,"minecraft:spider_eye":1,"minecraft:dirt":109,"minecraft:tropical_fish":1,"minecraft:cod":10,"minecraft:birch_sapling":1,"minecraft:mutton":1,"minecraft:coal":6,"minecraft:white_wool":3,"minecraft:cobblestone":31,"minecraft:nautilus_shell":1},"minecraft:used":{"minecraft:birch_door":2,"minecraft:cooked_mutton":1,"minecraft:stone_sword":11,"minecraft:stone_shovel":81,"minecraft:chest":2,"minecraft:wooden_pickaxe":38,"minecraft:white_wool":4,"minecraft:stone_axe":8,"minecraft:torch":6,"minecraft:fishing_rod":22,"minecraft:dirt":53,"minecraft:crafting_table":2,"minecraft:furnace":1},"minecraft:mined":{"minecraft:birch_log":13,"minecraft:birch_leaves":1,"minecraft:birch_door":1,"minecraft:crafting_table":1,"minecraft:torch":1,"minecraft:grass":1,"minecraft:coal_ore":6,"minecraft:grass_block":19,"minecraft:sand":19,"minecraft:dirt":69,"minecraft:stone":31,"minecraft:white_wool":2,"minecraft:wall_torch":1}},"DataVersion":3465}