{"stats":{"minecraft:picked_up":{"minecraft:birch_log":6,"minecraft:coarse_dirt":2,"minecraft:mud_brick_slab":4,"minecraft:crafting_table":2,"minecraft:wheat":1,"minecraft:mud_bricks":27,"minecraft:salmon":2,"minecraft:brown_mushroom":1,"minecraft:smoker":1,"minecraft:wooden_pickaxe":1,"minecraft:packed_mud":8,"minecraft:oak_log":8,"minecraft:yellow_glazed_terracotta":21,"biomeswevegone:skyris_vine":60,"minecraft:dirt":7,"minecraft:bone":1,"minecraft:wheat_seeds":5,"minecraft:oak_boat":1,"minecraft:sugar_cane":6,"minecraft:birch_sapling":4,"minecraft:oak_planks":2,"minecraft:egg":2,"minecraft:stick":6,"minecraft:raw_iron":2,"biomeswevegone:rocky_stone":8,"minecraft:pumpkin":3,"minecraft:torch":1,"biomeswevegone:skyris_log":18,"minecraft:spruce_log":7,"minecraft:red_terracotta":16,"minecraft:blue_terracotta":3,"minecraft:rotten_flesh":1,"minecraft:arrow":1,"minecraft:yellow_terracotta":2,"minecraft:oak_sapling":1,"minecraft:cobblestone":11},"minecraft:crafted":{"minecraft:wooden_sword":1,"minecraft:oak_planks":32,"minecraft:crafting_table":1,"minecraft:spruce_planks":24,"minecraft:wooden_pickaxe":1,"minecraft:furnace":1,"minecraft:stone_axe":1,"minecraft:stick":32,"minecraft:stone_pickaxe":1,"minecraft:wooden_axe":1,"minecraft:stone_sword":1,"minecraft:spruce_boat":1,"minecraft:smoker":1},"minecraft:dropped":{"minecraft:bread":6,"minecraft:blue_terracotta":3,"minecraft:sugar_cane":6,"minecraft:mud_brick_slab":4,"minecraft:coarse_dirt":2,"minecraft:birch_sapling":4,"minecraft:yellow_terracotta":2,"minecraft:rotten_flesh":1,"biomeswevegone:skyris_vine":60,"minecraft:red_terracotta":16,"minecraft:salmon":2,"minecraft:packed_mud":8,"minecraft:potato":1,"minecraft:mud_bricks":18,"minecraft:wooden_axe":1,"minecraft:yellow_glazed_terracotta":21,"minecraft:oak_sapling":1,"minecraft:wooden_sword":1,"minecraft:wooden_pickaxe":2},"minecraft:killed":{"minecraft:salmon":2,"minecraft:skeleton":1},"minecraft:custom":{"minecraft:mob_kills":3,"minecraft:interact_with_crafting_table":8,"minecraft:open_barrel":3,"minecraft:leave_game":6,"minecraft:time_since_death":122960,"minecraft:sleep_in_bed":2,"minecraft:climb_one_cm":970,"minecraft:time_since_rest":38155,"minecraft:sprint_one_cm":159348,"minecraft:damage_taken":587,"minecraft:walk_one_cm":311265,"minecraft:drop":40,"minecraft:damage_dealt":531,"minecraft:swim_one_cm":36756,"minecraft:fly_one_cm":46504,"minecraft:open_chest":11,"minecraft:crouch_one_cm":1519,"minecraft:play_time":122960,"minecraft:sneak_time":939,"minecraft:walk_under_water_one_cm":16155,"minecraft:boat_one_cm":262946,"minecraft:jump":517,"minecraft:walk_on_water_one_cm":13036,"minecraft:interact_with_smoker":2,"minecraft:total_world_time":122960,"minecraft:fall_one_cm":10404},"minecraft:mined":{"minecraft:yellow_terracotta":1,"minecraft:mud_brick_slab":2,"minecraft:brown_mushroom":1,"minecraft:dark_oak_leaves":1,"minecraft:smoker":1,"minecraft:crafting_table":2,"minecraft:grass_block":1,"minecraft:spruce_leaves":3,"minecraft:mud_bricks":19,"minecraft:sugar_cane":1,"biomeswevegone:skyris_log":20,"minecraft:red_terracotta":7,"minecraft:coarse_dirt":1,"minecraft:blue_terracotta":1,"minecraft:packed_mud":4,"minecraft:birch_log":6,"minecraft:wheat":2,"minecraft:spruce_log":7,"minecraft:pumpkin":3,"minecraft:yellow_glazed_terracotta":7,"minecraft:grass":1,"minecraft:oak_log":8,"minecraft:dirt_path":4,"minecraft:dirt":2,"minecraft:gravel":1,"biomeswevegone:rocky_stone":8,"minecraft:stone":12,"minecraft:oak_leaves":1},"minecraft:used":{"minecraft:stone_sword":14,"minecraft:stone_pickaxe":55,"minecraft:wooden_pickaxe":8,"minecraft:dirt":6,"minecraft:crafting_table":3,"minecraft:smoker":1,"minecraft:spruce_log":1,"minecraft:spruce_boat":1,"minecraft:wooden_axe":14,"minecraft:bread":9,"minecraft:mud_bricks":9,"minecraft:stone_axe":24,"minecraft:wooden_sword":1,"minecraft:sweet_berries":7,"minecraft:oak_boat":1,"minecraft:potato":16,"minecraft:pumpkin":3}},"DataVersion":3465}