{"stats":{"minecraft:killed":{"minecraft:spider":9,"minecraft:skeleton":7,"minecraft:drowned":2,"minecraft:pig":1,"minecraft:zombie_villager":1,"minecraft:creeper":1,"minecraft:sheep":1,"minecraft:zombie":6},"minecraft:broken":{"minecraft:wooden_pickaxe":1,"minecraft:stone_pickaxe":4,"minecraft:stone_shovel":1},"minecraft:custom":{"minecraft:interact_with_anvil":1,"minecraft:mob_kills":34,"minecraft:interact_with_crafting_table":50,"minecraft:leave_game":3,"minecraft:time_since_death":57954,"minecraft:climb_one_cm":1597,"minecraft:sprint_one_cm":127787,"minecraft:walk_one_cm":641775,"minecraft:damage_blocked_by_shield":75,"minecraft:drop":34,"minecraft:talked_to_villager":1,"minecraft:play_time":303715,"minecraft:deaths":3,"minecraft:sneak_time":4324,"minecraft:walk_under_water_one_cm":91062,"minecraft:boat_one_cm":61841,"minecraft:jump":1042,"minecraft:walk_on_water_one_cm":79117,"minecraft:total_world_time":303715,"minecraft:interact_with_furnace":43,"minecraft:sleep_in_bed":5,"minecraft:time_since_rest":28081,"minecraft:damage_taken":3278,"minecraft:damage_dealt":5177,"minecraft:swim_one_cm":45361,"minecraft:fly_one_cm":77109,"minecraft:open_chest":70,"minecraft:crouch_one_cm":3591,"minecraft:interact_with_smoker":33,"minecraft:fish_caught":48,"minecraft:fall_one_cm":20255},"minecraft:crafted":{"minecraft:stone_shovel":2,"minecraft:fishing_rod":1,"minecraft:birch_boat":1,"minecraft:cooked_chicken":1,"minecraft:furnace":2,"minecraft:cobblestone_stairs":256,"minecraft:cooked_mutton":1,"minecraft:glass":2,"minecraft:stone_pickaxe":6,"minecraft:cobblestone_wall":6,"minecraft:chest":4,"minecraft:birch_door":3,"minecraft:dried_kelp_block":31,"minecraft:stone_hoe":1,"minecraft:smoker":1,"minecraft:cooked_cod":32,"minecraft:crafting_table":1,"minecraft:dried_kelp":284,"minecraft:wooden_pickaxe":1,"minecraft:iron_sword":1,"minecraft:cooked_salmon":9,"minecraft:conduit":1,"minecraft:bucket":1,"minecraft:birch_planks":168,"minecraft:stone_axe":1,"minecraft:bread":10,"minecraft:air":0,"minecraft:charcoal":3,"minecraft:shield":1,"minecraft:stick":52,"minecraft:iron_ingot":13,"minecraft:iron_pickaxe":2,"minecraft:stone_sword":1,"minecraft:iron_leggings":1,"minecraft:white_bed":1,"minecraft:redstone_torch":12,"minecraft:birch_stairs":12,"minecraft:torch":36,"minecraft:shears":1},"minecraft:picked_up":{"minecraft:fishing_rod":3,"minecraft:cocoa_beans":36,"minecraft:crafting_table":1,"minecraft:birch_door":3,"minecraft:wheat":57,"minecraft:chicken":1,"minecraft:clay_ball":5,"minecraft:potion":1,"minecraft:string":8,"minecraft:raw_copper":3,"minecraft:iron_leggings":3,"minecraft:pufferfish":5,"minecraft:cracked_stone_bricks":1,"minecraft:cobbled_deepslate":26,"minecraft:bucket":3,"minecraft:redstone_torch":1,"minecraft:iron_pickaxe":6,"minecraft:spruce_slab":3,"minecraft:chest":2,"minecraft:birch_sapling":6,"minecraft:egg":2,"minecraft:stick":36,"minecraft:raw_iron":47,"minecraft:torch":31,"minecraft:porkchop":1,"minecraft:dried_kelp":15,"minecraft:diorite":21,"minecraft:redstone":66,"minecraft:stone_shovel":3,"minecraft:stone_sword":3,"minecraft:arrow":7,"minecraft:rotten_flesh":19,"minecraft:cooked_cod":6,"minecraft:tropical_fish":2,"minecraft:peony":1,"minecraft:saddle":1,"minecraft:mutton":1,"minecraft:cod":32,"minecraft:cobblestone":575,"minecraft:white_wool":3,"minecraft:nautilus_shell":3,"minecraft:birch_log":57,"minecraft:feather":1,"minecraft:tripwire_hook":1,"minecraft:salmon":12,"minecraft:andesite":119,"minecraft:birch_planks":72,"minecraft:filled_map":3,"minecraft:flint":4,"minecraft:lily_pad":3,"minecraft:cobblestone_wall":6,"minecraft:gunpowder":2,"minecraft:cobblestone_stairs":2,"minecraft:dirt":389,"minecraft:bone":23,"minecraft:kelp":355,"minecraft:bow":4,"minecraft:wheat_seeds":78,"minecraft:stone_pickaxe":6,"minecraft:stone_hoe":2,"minecraft:iron_sword":2,"minecraft:chiseled_stone_bricks":2,"minecraft:gravel":5,"minecraft:sand":37,"minecraft:spider_eye":11,"minecraft:stone_axe":6,"minecraft:granite":11,"minecraft:oak_sapling":1,"minecraft:coal":6},"minecraft:used":{"minecraft:stone_sword":40,"minecraft:stone_shovel":213,"minecraft:chest":6,"minecraft:shield":4,"minecraft:iron_sword":76,"minecraft:cooked_salmon":10,"minecraft:stone_hoe":41,"minecraft:torch":33,"minecraft:dirt":152,"minecraft:anvil":1,"minecraft:cocoa_beans":12,"minecraft:cobblestone_wall":7,"minecraft:birch_door":6,"minecraft:glass":2,"minecraft:bow":5,"minecraft:furnace":1,"minecraft:cooked_cod":20,"minecraft:wheat_seeds":55,"minecraft:cooked_mutton":1,"minecraft:water_bucket":15,"minecraft:diorite":3,"minecraft:cobblestone_stairs":116,"minecraft:stone_pickaxe":609,"minecraft:wooden_pickaxe":65,"minecraft:birch_boat":1,"minecraft:white_wool":4,"minecraft:sand":1,"minecraft:crafting_table":2,"minecraft:white_bed":1,"minecraft:pumpkin_seeds":4,"minecraft:smoker":1,"minecraft:redstone_torch":1,"minecraft:iron_pickaxe":166,"minecraft:bread":3,"minecraft:stone_axe":146,"minecraft:fishing_rod":66,"minecraft:cobblestone":26,"minecraft:bucket":15,"minecraft:kelp":71,"minecraft:experience_bottle":51,"minecraft:birch_stairs":8},"minecraft:dropped":{"minecraft:granite":2,"minecraft:tropical_fish":1,"minecraft:flint":1,"minecraft:pufferfish":4,"minecraft:dirt":67,"minecraft:diorite":7,"minecraft:sand":6,"minecraft:birch_log":2,"minecraft:lily_pad":3,"minecraft:gravel":1,"minecraft:cobbled_deepslate":26,"minecraft:raw_copper":3,"minecraft:rotten_flesh":14,"minecraft:filled_map":1,"minecraft:peony":1,"minecraft:oak_sapling":1,"minecraft:spider_eye":3,"minecraft:spruce_slab":3,"minecraft:nautilus_shell":2},"minecraft:mined":{"minecraft:tuff":71,"minecraft:cobblestone_stairs":2,"minecraft:granite":11,"minecraft:grass_block":83,"minecraft:kelp":39,"minecraft:spawner":1,"minecraft:chiseled_stone_bricks":2,"minecraft:iron_ore":23,"minecraft:andesite":99,"minecraft:peony":1,"minecraft:vine":1,"minecraft:stone":499,"minecraft:white_wool":2,"minecraft:spruce_slab":3,"minecraft:deepslate_redstone_ore":5,"minecraft:kelp_plant":72,"minecraft:crafting_table":1,"minecraft:torch":3,"minecraft:chest":2,"minecraft:copper_ore":1,"minecraft:cobblestone":5,"minecraft:diorite":7,"minecraft:wall_torch":1,"minecraft:cobblestone_wall":6,"minecraft:birch_log":49,"minecraft:wheat":26,"minecraft:birch_leaves":21,"minecraft:birch_door":3,"minecraft:grass":57,"minecraft:coal_ore":6,"minecraft:cocoa":6,"minecraft:gravel":2,"minecraft:sand":22,"minecraft:dirt":145,"minecraft:cracked_stone_bricks":1,"minecraft:oak_leaves":6,"minecraft:deepslate":93}},"DataVersion":3465}