{"stats":{"minecraft:killed":{"minecraft:zombie_villager":1,"minecraft:spider":4,"minecraft:sheep":1,"minecraft:zombie":2},"minecraft:broken":{"minecraft:stone_pickaxe":4,"minecraft:stone_shovel":1,"minecraft:wooden_pickaxe":1},"minecraft:custom":{"minecraft:interact_with_furnace":27,"minecraft:mob_kills":8,"minecraft:interact_with_crafting_table":29,"minecraft:leave_game":1,"minecraft:time_since_death":160904,"minecraft:sleep_in_bed":2,"minecraft:time_since_rest":51173,"minecraft:sprint_one_cm":44446,"minecraft:damage_taken":735,"minecraft:walk_one_cm":315332,"minecraft:drop":8,"minecraft:damage_dealt":1319,"minecraft:swim_one_cm":14374,"minecraft:fly_one_cm":10849,"minecraft:open_chest":4,"minecraft:crouch_one_cm":2699,"minecraft:play_time":160904,"minecraft:sneak_time":1202,"minecraft:walk_under_water_one_cm":53445,"minecraft:jump":564,"minecraft:walk_on_water_one_cm":46346,"minecraft:interact_with_smoker":13,"minecraft:total_world_time":160904,"minecraft:fish_caught":24,"minecraft:fall_one_cm":4285},"minecraft:crafted":{"minecraft:cooked_cod":17,"minecraft:stone_shovel":2,"minecraft:fishing_rod":1,"minecraft:crafting_table":1,"minecraft:dried_kelp":151,"minecraft:wooden_pickaxe":1,"minecraft:birch_boat":1,"minecraft:furnace":2,"minecraft:cooked_salmon":5,"minecraft:cobblestone_stairs":256,"minecraft:birch_planks":120,"minecraft:stone_axe":1,"minecraft:bread":1,"minecraft:cooked_mutton":1,"minecraft:air":0,"minecraft:charcoal":3,"minecraft:stick":36,"minecraft:stone_pickaxe":4,"minecraft:cobblestone_wall":6,"minecraft:stone_sword":1,"minecraft:chest":2,"minecraft:white_bed":1,"minecraft:birch_door":3,"minecraft:dried_kelp_block":16,"minecraft:torch":36,"minecraft:birch_stairs":12,"minecraft:stone_hoe":1,"minecraft:smoker":1},"minecraft:picked_up":{"minecraft:nautilus_shell":1,"minecraft:birch_log":37,"minecraft:birch_door":1,"minecraft:crafting_table":1,"minecraft:wheat":4,"minecraft:andesite":89,"minecraft:tripwire_hook":1,"minecraft:salmon":5,"minecraft:potion":1,"minecraft:lily_pad":1,"minecraft:cobblestone_wall":6,"minecraft:cobblestone_stairs":2,"minecraft:dirt":230,"minecraft:string":2,"minecraft:pufferfish":1,"minecraft:kelp":242,"minecraft:wheat_seeds":19,"minecraft:birch_sapling":3,"minecraft:egg":1,"minecraft:raw_iron":11,"minecraft:torch":3,"minecraft:sand":19,"minecraft:spider_eye":3,"minecraft:rotten_flesh":4,"minecraft:tropical_fish":1,"minecraft:peony":1,"minecraft:granite":9,"minecraft:mutton":1,"minecraft:coal":6,"minecraft:cod":17,"minecraft:white_wool":3,"minecraft:cobblestone":459},"minecraft:used":{"minecraft:wheat_seeds":19,"minecraft:cooked_mutton":1,"minecraft:stone_sword":39,"minecraft:cobblestone_stairs":116,"minecraft:stone_shovel":181,"minecraft:stone_pickaxe":524,"minecraft:chest":2,"minecraft:wooden_pickaxe":65,"minecraft:cooked_salmon":2,"minecraft:stone_hoe":18,"minecraft:white_wool":4,"minecraft:torch":27,"minecraft:dirt":108,"minecraft:crafting_table":2,"minecraft:cobblestone_wall":7,"minecraft:white_bed":1,"minecraft:smoker":1,"minecraft:birch_door":2,"minecraft:stone_axe":95,"minecraft:fishing_rod":32,"minecraft:cobblestone":14,"minecraft:furnace":1,"minecraft:cooked_cod":10,"minecraft:kelp":65,"minecraft:birch_stairs":8},"minecraft:dropped":{"minecraft:rotten_flesh":4,"minecraft:pufferfish":1,"minecraft:peony":1,"minecraft:spider_eye":2,"minecraft:nautilus_shell":1,"minecraft:lily_pad":1},"minecraft:mined":{"minecraft:kelp_plant":41,"minecraft:cobblestone_stairs":2,"minecraft:crafting_table":1,"minecraft:torch":1,"minecraft:granite":9,"minecraft:grass_block":70,"minecraft:kelp":31,"minecraft:wall_torch":1,"minecraft:cobblestone_wall":6,"minecraft:wheat":4,"minecraft:birch_log":37,"minecraft:iron_ore":11,"minecraft:andesite":89,"minecraft:birch_leaves":21,"minecraft:birch_door":1,"minecraft:peony":1,"minecraft:grass":55,"minecraft:coal_ore":6,"minecraft:sand":19,"minecraft:dirt":129,"minecraft:stone":459,"minecraft:white_wool":2}},"DataVersion":3465}