{"stats":{"minecraft:killed":{"minecraft:spider":2,"minecraft:sheep":1},"minecraft:broken":{"minecraft:wooden_pickaxe":1},"minecraft:custom":{"minecraft:interact_with_furnace":16,"minecraft:mob_kills":3,"minecraft:interact_with_crafting_table":20,"minecraft:leave_game":1,"minecraft:time_since_death":100904,"minecraft:sleep_in_bed":1,"minecraft:time_since_rest":35432,"minecraft:sprint_one_cm":30513,"minecraft:damage_taken":220,"minecraft:walk_one_cm":188030,"minecraft:drop":6,"minecraft:damage_dealt":400,"minecraft:swim_one_cm":7208,"minecraft:fly_one_cm":6703,"minecraft:open_chest":1,"minecraft:crouch_one_cm":74,"minecraft:play_time":100904,"minecraft:sneak_time":386,"minecraft:walk_under_water_one_cm":23868,"minecraft:jump":287,"minecraft:walk_on_water_one_cm":24816,"minecraft:total_world_time":100904,"minecraft:fish_caught":24,"minecraft:fall_one_cm":3389},"minecraft:crafted":{"minecraft:cooked_cod":10,"minecraft:stone_shovel":2,"minecraft:fishing_rod":1,"minecraft:crafting_table":1,"minecraft:dried_kelp":90,"minecraft:wooden_pickaxe":1,"minecraft:birch_boat":1,"minecraft:furnace":2,"minecraft:birch_planks":120,"minecraft:stone_axe":1,"minecraft:cooked_mutton":1,"minecraft:air":0,"minecraft:stick":28,"minecraft:stone_pickaxe":4,"minecraft:stone_sword":1,"minecraft:chest":2,"minecraft:white_bed":1,"minecraft:birch_door":3,"minecraft:dried_kelp_block":10,"minecraft:torch":24,"minecraft:birch_stairs":12,"minecraft:stone_hoe":1},"minecraft:picked_up":{"minecraft:nautilus_shell":1,"minecraft:birch_log":30,"minecraft:birch_door":1,"minecraft:crafting_table":1,"minecraft:tripwire_hook":1,"minecraft:salmon":5,"minecraft:potion":1,"minecraft:lily_pad":1,"minecraft:dirt":162,"minecraft:string":2,"minecraft:pufferfish":1,"minecraft:kelp":141,"minecraft:wheat_seeds":8,"minecraft:birch_sapling":3,"minecraft:egg":1,"minecraft:torch":2,"minecraft:sand":19,"minecraft:spider_eye":2,"minecraft:tropical_fish":1,"minecraft:peony":1,"minecraft:mutton":1,"minecraft:coal":6,"minecraft:cod":17,"minecraft:white_wool":3,"minecraft:cobblestone":52},"minecraft:used":{"minecraft:wheat_seeds":6,"minecraft:cooked_mutton":1,"minecraft:stone_sword":11,"minecraft:stone_shovel":123,"minecraft:chest":2,"minecraft:wooden_pickaxe":65,"minecraft:stone_hoe":6,"minecraft:white_wool":4,"minecraft:torch":10,"minecraft:dirt":62,"minecraft:crafting_table":2,"minecraft:white_bed":1,"minecraft:birch_door":2,"minecraft:stone_axe":88,"minecraft:fishing_rod":32,"minecraft:furnace":1,"minecraft:cooked_cod":3,"minecraft:kelp":28,"minecraft:birch_stairs":8},"minecraft:dropped":{"minecraft:pufferfish":1,"minecraft:peony":1,"minecraft:spider_eye":2,"minecraft:nautilus_shell":1,"minecraft:lily_pad":1},"minecraft:mined":{"minecraft:kelp_plant":16,"minecraft:crafting_table":1,"minecraft:torch":1,"minecraft:grass_block":68,"minecraft:kelp":26,"minecraft:wall_torch":1,"minecraft:birch_log":30,"minecraft:birch_leaves":21,"minecraft:birch_door":1,"minecraft:peony":1,"minecraft:grass":55,"minecraft:coal_ore":6,"minecraft:sand":19,"minecraft:dirt":73,"minecraft:stone":52,"minecraft:white_wool":2}},"DataVersion":3465}