{"stats":{"minecraft:custom":{"minecraft:mob_kills":11,"minecraft:interact_with_crafting_table":8,"minecraft:open_barrel":3,"minecraft:bell_ring":1,"minecraft:leave_game":8,"minecraft:time_since_death":35472,"minecraft:climb_one_cm":1505,"minecraft:sprint_one_cm":194428,"minecraft:walk_one_cm":464266,"minecraft:drop":60,"minecraft:play_time":160112,"minecraft:deaths":1,"minecraft:sneak_time":939,"minecraft:walk_under_water_one_cm":16399,"minecraft:boat_one_cm":262946,"minecraft:jump":645,"minecraft:walk_on_water_one_cm":14922,"minecraft:total_world_time":160112,"minecraft:sleep_in_bed":3,"minecraft:time_since_rest":22042,"minecraft:damage_taken":999,"minecraft:damage_dealt":1436,"minecraft:swim_one_cm":37042,"minecraft:fly_one_cm":59883,"minecraft:open_chest":15,"minecraft:crouch_one_cm":1519,"minecraft:interact_with_smoker":6,"minecraft:fall_one_cm":11484},"minecraft:used":{"minecraft:stone_sword":71,"minecraft:flint_and_steel":9,"minecraft:dirt":7,"minecraft:spruce_boat":1,"minecraft:wooden_axe":14,"minecraft:mud_bricks":9,"minecraft:sweet_berries":9,"minecraft:potato":16,"minecraft:pumpkin":3,"minecraft:stone_pickaxe":57,"minecraft:baked_potato":1,"minecraft:wooden_pickaxe":8,"minecraft:tnt":56,"minecraft:crafting_table":3,"minecraft:spruce_log":1,"minecraft:smoker":3,"minecraft:bread":12,"minecraft:stone_axe":25,"minecraft:wooden_sword":1,"minecraft:purple_bed":1,"minecraft:oak_boat":1},"minecraft:killed_by":{"minecraft:zombie":1},"minecraft:killed":{"minecraft:skeleton":2,"minecraft:pig":4,"minecraft:salmon":2,"minecraft:sheep":2,"minecraft:zombie":1},"minecraft:crafted":{"minecraft:wooden_sword":1,"minecraft:oak_planks":32,"minecraft:furnace":1,"minecraft:stone_pickaxe":1,"minecraft:spruce_boat":1,"minecraft:smoker":1,"minecraft:crafting_table":1,"minecraft:spruce_planks":24,"minecraft:wooden_pickaxe":1,"minecraft:baked_potato":13,"minecraft:stone_axe":1,"minecraft:stick":32,"minecraft:wooden_axe":1,"minecraft:stone_sword":1},"minecraft:mined":{"minecraft:yellow_terracotta":1,"minecraft:dark_oak_leaves":1,"minecraft:grass_block":1,"minecraft:spruce_leaves":3,"minecraft:mud_bricks":19,"biomeswevegone:skyris_log":21,"biomeswevegone:wood_blewit":2,"minecraft:packed_mud":4,"biomeswevegone:podzol_dacite":1,"minecraft:pumpkin":3,"biomeswevegone:fairy_slipper":1,"minecraft:dirt_path":5,"biomeswevegone:rocky_stone":8,"minecraft:stone":12,"biomeswevegone:green_mushroom":2,"minecraft:mud_brick_slab":2,"minecraft:brown_mushroom":1,"minecraft:smoker":2,"minecraft:crafting_table":2,"biomeswevegone:weeping_milkcap":1,"minecraft:sugar_cane":1,"biomeswevegone:white_puffball":1,"minecraft:blue_bed":1,"minecraft:purple_bed":1,"minecraft:red_terracotta":7,"minecraft:coarse_dirt":1,"minecraft:blue_terracotta":1,"minecraft:birch_log":6,"minecraft:sweet_berry_bush":10,"minecraft:wheat":2,"minecraft:spruce_log":7,"biomeswevegone:blueberry_bush":1,"minecraft:yellow_glazed_terracotta":7,"minecraft:grass":16,"minecraft:oak_log":8,"minecraft:dirt":2,"minecraft:gravel":1,"biomeswevegone:purple_sage":1,"minecraft:oak_leaves":3},"minecraft:dropped":{"biomeswevegone:white_puffball_spores":4,"minecraft:bread":6,"minecraft:mud_brick_slab":4,"minecraft:baked_potato":10,"minecraft:yellow_terracotta":2,"biomeswevegone:podzol_dacite":1,"biomeswevegone:skyris_vine":60,"biomeswevegone:foxglove":10,"minecraft:packed_mud":8,"minecraft:wooden_axe":1,"minecraft:yellow_glazed_terracotta":21,"minecraft:wooden_sword":1,"minecraft:paper":9,"minecraft:white_wool":2,"biomeswevegone:fairy_slipper":2,"minecraft:blue_terracotta":3,"minecraft:sugar_cane":6,"minecraft:player_head":1,"minecraft:coarse_dirt":2,"minecraft:birch_sapling":4,"minecraft:rotten_flesh":1,"minecraft:salmon":2,"minecraft:red_terracotta":16,"minecraft:potato":1,"minecraft:mud_bricks":18,"minecraft:oak_sapling":1,"minecraft:wooden_pickaxe":2,"biomeswevegone:wood_blewit":2},"minecraft:picked_up":{"minecraft:crafting_table":4,"minecraft:mud_brick_slab":4,"minecraft:coarse_dirt":2,"minecraft:wheat":2,"minecraft:brown_mushroom":2,"minecraft:wooden_pickaxe":1,"biomeswevegone:skyris_vine":60,"minecraft:compass":1,"minecraft:spruce_planks":26,"minecraft:oak_boat":1,"biomeswevegone:wood_blewit":2,"minecraft:player_head":1,"biomeswevegone:purple_sage":1,"minecraft:sugar_cane":6,"minecraft:birch_sapling":4,"minecraft:egg":5,"minecraft:stick":34,"minecraft:raw_iron":4,"minecraft:torch":2,"minecraft:porkchop":9,"biomeswevegone:skyris_log":38,"biomeswevegone:weeping_milkcap":1,"biomeswevegone:podzol_dacite":1,"minecraft:arrow":6,"minecraft:rotten_flesh":1,"minecraft:yellow_terracotta":2,"minecraft:mutton":2,"minecraft:cobblestone":11,"minecraft:white_wool":2,"biomeswevegone:white_puffball_spores":4,"minecraft:birch_log":8,"minecraft:mud_bricks":27,"minecraft:salmon":2,"minecraft:smoker":3,"minecraft:packed_mud":8,"minecraft:oak_log":8,"minecraft:yellow_glazed_terracotta":21,"minecraft:dirt":56,"minecraft:blue_bed":1,"minecraft:paper":9,"minecraft:cooked_mutton":1,"minecraft:bone":6,"minecraft:wheat_seeds":19,"minecraft:oak_planks":4,"biomeswevegone:rocky_stone":11,"minecraft:cooked_porkchop":10,"minecraft:pumpkin":3,"minecraft:sweet_berries":22,"biomeswevegone:fairy_slipper":3,"minecraft:spruce_log":7,"minecraft:red_terracotta":16,"minecraft:pumpkin_seeds":3,"minecraft:blue_terracotta":3,"minecraft:purple_bed":1,"biomeswevegone:green_mushroom":2,"biomeswevegone:foxglove":10,"minecraft:emerald":6,"biomeswevegone:blueberries":3,"minecraft:baked_potato":1,"minecraft:oak_sapling":1}},"DataVersion":3465}