{"stats":{"minecraft:custom":{"minecraft:time_since_rest":22904,"minecraft:sprint_one_cm":10722,"minecraft:walk_one_cm":50127,"minecraft:swim_one_cm":3429,"minecraft:interact_with_crafting_table":3,"minecraft:fly_one_cm":2414,"minecraft:crouch_one_cm":74,"minecraft:play_time":22904,"minecraft:sneak_time":162,"minecraft:walk_under_water_one_cm":780,"minecraft:jump":90,"minecraft:leave_game":1,"minecraft:time_since_death":22904,"minecraft:walk_on_water_one_cm":4721,"minecraft:total_world_time":22904,"minecraft:fall_one_cm":807},"minecraft:crafted":{"minecraft:stone_shovel":1,"minecraft:crafting_table":1,"minecraft:stick":24,"minecraft:wooden_pickaxe":1,"minecraft:stone_pickaxe":1,"minecraft:birch_door":3,"minecraft:torch":24,"minecraft:birch_planks":28,"minecraft:stone_axe":1},"minecraft:picked_up":{"minecraft:birch_log":7,"minecraft:crafting_table":1,"minecraft:birch_door":1,"minecraft:torch":2,"minecraft:dirt":85,"minecraft:coal":6,"minecraft:cobblestone":31},"minecraft:used":{"minecraft:birch_door":2,"minecraft:stone_shovel":59,"minecraft:wooden_pickaxe":38,"minecraft:stone_axe":2,"minecraft:torch":6,"minecraft:dirt":48,"minecraft:crafting_table":2},"minecraft:mined":{"minecraft:birch_log":7,"minecraft:birch_leaves":1,"minecraft:birch_door":1,"minecraft:crafting_table":1,"minecraft:torch":1,"minecraft:coal_ore":6,"minecraft:grass_block":17,"minecraft:dirt":68,"minecraft:stone":31,"minecraft:wall_torch":1}},"DataVersion":3465}