{"stats":{"minecraft:picked_up":{"minecraft:wheat":1,"minecraft:pumpkin":3,"minecraft:brown_mushroom":1,"minecraft:torch":1,"minecraft:oak_log":6,"minecraft:dirt":6,"minecraft:bone":1,"minecraft:arrow":1,"minecraft:rotten_flesh":1,"minecraft:wheat_seeds":4,"minecraft:oak_sapling":1},"minecraft:dropped":{"minecraft:bread":3,"minecraft:oak_sapling":1,"minecraft:rotten_flesh":1},"minecraft:custom":{"minecraft:time_since_rest":50960,"minecraft:sprint_one_cm":63750,"minecraft:damage_taken":332,"minecraft:walk_one_cm":169353,"minecraft:drop":5,"minecraft:damage_dealt":35,"minecraft:swim_one_cm":14897,"minecraft:fly_one_cm":19064,"minecraft:open_barrel":3,"minecraft:open_chest":10,"minecraft:crouch_one_cm":1448,"minecraft:play_time":50960,"minecraft:sneak_time":734,"minecraft:walk_under_water_one_cm":4068,"minecraft:jump":281,"minecraft:leave_game":6,"minecraft:time_since_death":50960,"minecraft:walk_on_water_one_cm":3983,"minecraft:total_world_time":50960,"minecraft:climb_one_cm":970,"minecraft:fall_one_cm":7379},"minecraft:mined":{"minecraft:brown_mushroom":1,"minecraft:dark_oak_leaves":1,"minecraft:wheat":2,"minecraft:pumpkin":3,"minecraft:grass_block":1,"minecraft:oak_log":6,"minecraft:dirt_path":4,"minecraft:dirt":1,"minecraft:spruce_leaves":3,"minecraft:oak_leaves":1},"minecraft:used":{"minecraft:bread":4,"minecraft:dirt":5,"minecraft:sweet_berries":5,"minecraft:potato":11,"minecraft:pumpkin":3}},"DataVersion":3465}