{"stats":{"minecraft:custom":{"minecraft:time_since_rest":10904,"minecraft:crouch_one_cm":74,"minecraft:sprint_one_cm":9967,"minecraft:play_time":10904,"minecraft:walk_one_cm":23651,"minecraft:sneak_time":162,"minecraft:walk_under_water_one_cm":484,"minecraft:jump":74,"minecraft:leave_game":1,"minecraft:walk_on_water_one_cm":4383,"minecraft:time_since_death":10904,"minecraft:total_world_time":10904,"minecraft:swim_one_cm":3429,"minecraft:interact_with_crafting_table":2,"minecraft:fall_one_cm":807,"minecraft:fly_one_cm":2296},"minecraft:crafted":{"minecraft:stone_shovel":1,"minecraft:torch":24,"minecraft:birch_planks":28,"minecraft:stone_axe":1,"minecraft:crafting_table":1,"minecraft:stick":24,"minecraft:stone_pickaxe":1,"minecraft:wooden_pickaxe":1},"minecraft:picked_up":{"minecraft:birch_log":7,"minecraft:crafting_table":1,"minecraft:coal":6,"minecraft:dirt":32,"minecraft:cobblestone":30},"minecraft:used":{"minecraft:stone_axe":1,"minecraft:torch":5,"minecraft:dirt":2,"minecraft:crafting_table":1,"minecraft:stone_shovel":11,"minecraft:wooden_pickaxe":37},"minecraft:mined":{"minecraft:grass_block":4,"minecraft:coal_ore":6,"minecraft:dirt":28,"minecraft:birch_log":7,"minecraft:stone":30,"minecraft:birch_leaves":1,"minecraft:crafting_table":1}},"DataVersion":3465}