{"stats":{"minecraft:picked_up":{"minecraft:birch_log":6,"minecraft:crafting_table":2,"minecraft:stick":2,"minecraft:wheat":1,"minecraft:pumpkin":3,"minecraft:brown_mushroom":1,"minecraft:torch":1,"minecraft:wooden_pickaxe":1,"minecraft:oak_log":8,"minecraft:spruce_log":7,"minecraft:dirt":7,"minecraft:bone":1,"minecraft:arrow":1,"minecraft:rotten_flesh":1,"minecraft:wheat_seeds":4,"minecraft:oak_sapling":1,"minecraft:birch_sapling":2,"minecraft:cobblestone":8},"minecraft:crafted":{"minecraft:wooden_sword":1,"minecraft:oak_planks":32,"minecraft:crafting_table":1,"minecraft:spruce_planks":24,"minecraft:stick":32,"minecraft:wooden_pickaxe":1,"minecraft:stone_pickaxe":1,"minecraft:wooden_axe":1,"minecraft:stone_sword":1,"minecraft:spruce_boat":1,"minecraft:stone_axe":1},"minecraft:dropped":{"minecraft:bread":6,"minecraft:wooden_axe":1,"minecraft:oak_sapling":1,"minecraft:rotten_flesh":1,"minecraft:wooden_sword":1,"minecraft:wooden_pickaxe":2},"minecraft:custom":{"minecraft:time_since_rest":2155,"minecraft:sprint_one_cm":109008,"minecraft:damage_taken":492,"minecraft:walk_one_cm":248845,"minecraft:drop":12,"minecraft:damage_dealt":95,"minecraft:interact_with_crafting_table":6,"minecraft:swim_one_cm":23261,"minecraft:fly_one_cm":25101,"minecraft:open_barrel":3,"minecraft:open_chest":11,"minecraft:crouch_one_cm":1460,"minecraft:play_time":86960,"minecraft:sneak_time":768,"minecraft:walk_under_water_one_cm":8745,"minecraft:boat_one_cm":15803,"minecraft:jump":319,"minecraft:leave_game":6,"minecraft:time_since_death":86960,"minecraft:walk_on_water_one_cm":6280,"minecraft:sleep_in_bed":2,"minecraft:total_world_time":86960,"minecraft:climb_one_cm":970,"minecraft:fall_one_cm":7588},"minecraft:mined":{"minecraft:brown_mushroom":1,"minecraft:dark_oak_leaves":1,"minecraft:birch_log":6,"minecraft:wheat":2,"minecraft:spruce_log":7,"minecraft:pumpkin":3,"minecraft:crafting_table":2,"minecraft:grass_block":1,"minecraft:oak_log":8,"minecraft:dirt_path":4,"minecraft:dirt":2,"minecraft:spruce_leaves":3,"minecraft:stone":8,"minecraft:oak_leaves":1},"minecraft:used":{"minecraft:spruce_boat":1,"minecraft:wooden_axe":14,"minecraft:bread":7,"minecraft:wooden_pickaxe":8,"minecraft:stone_axe":2,"minecraft:wooden_sword":1,"minecraft:dirt":6,"minecraft:crafting_table":2,"minecraft:sweet_berries":5,"minecraft:potato":14,"minecraft:spruce_log":1,"minecraft:pumpkin":3}},"DataVersion":3465}