{"stats":{"minecraft:picked_up":{"minecraft:wheat":1,"minecraft:pumpkin":3,"minecraft:brown_mushroom":1,"minecraft:torch":1,"minecraft:oak_log":8,"minecraft:spruce_log":1,"minecraft:dirt":7,"minecraft:bone":1,"minecraft:arrow":1,"minecraft:rotten_flesh":1,"minecraft:wheat_seeds":4,"minecraft:oak_sapling":1},"minecraft:crafted":{"minecraft:oak_planks":32,"minecraft:stick":32},"minecraft:dropped":{"minecraft:bread":3,"minecraft:oak_sapling":1,"minecraft:rotten_flesh":1},"minecraft:custom":{"minecraft:time_since_rest":62960,"minecraft:sprint_one_cm":72307,"minecraft:damage_taken":432,"minecraft:walk_one_cm":183779,"minecraft:drop":5,"minecraft:damage_dealt":35,"minecraft:interact_with_crafting_table":1,"minecraft:swim_one_cm":14897,"minecraft:fly_one_cm":19316,"minecraft:open_barrel":3,"minecraft:open_chest":10,"minecraft:crouch_one_cm":1448,"minecraft:play_time":62960,"minecraft:sneak_time":735,"minecraft:walk_under_water_one_cm":4068,"minecraft:jump":288,"minecraft:leave_game":6,"minecraft:time_since_death":62960,"minecraft:walk_on_water_one_cm":3983,"minecraft:total_world_time":62960,"minecraft:climb_one_cm":970,"minecraft:fall_one_cm":7588},"minecraft:mined":{"minecraft:brown_mushroom":1,"minecraft:dark_oak_leaves":1,"minecraft:wheat":2,"minecraft:spruce_log":1,"minecraft:pumpkin":3,"minecraft:grass_block":1,"minecraft:oak_log":8,"minecraft:dirt_path":4,"minecraft:dirt":2,"minecraft:spruce_leaves":3,"minecraft:oak_leaves":1},"minecraft:used":{"minecraft:bread":4,"minecraft:dirt":6,"minecraft:sweet_berries":5,"minecraft:potato":11,"minecraft:spruce_log":1,"minecraft:pumpkin":3}},"DataVersion":3465}