{"stats":{"minecraft:picked_up":{"minecraft:birch_log":8,"minecraft:coarse_dirt":2,"minecraft:mud_brick_slab":4,"minecraft:crafting_table":4,"minecraft:wheat":2,"minecraft:mud_bricks":27,"minecraft:salmon":2,"minecraft:brown_mushroom":2,"minecraft:smoker":3,"minecraft:wooden_pickaxe":1,"minecraft:packed_mud":8,"minecraft:oak_log":8,"minecraft:yellow_glazed_terracotta":21,"biomeswevegone:skyris_vine":60,"minecraft:blue_bed":1,"minecraft:dirt":8,"minecraft:paper":9,"minecraft:cooked_mutton":1,"minecraft:compass":1,"minecraft:bone":6,"minecraft:wheat_seeds":14,"minecraft:spruce_planks":26,"biomeswevegone:wood_blewit":2,"minecraft:oak_boat":1,"minecraft:player_head":1,"minecraft:sugar_cane":6,"minecraft:birch_sapling":4,"minecraft:oak_planks":4,"minecraft:egg":5,"minecraft:stick":34,"minecraft:raw_iron":4,"biomeswevegone:rocky_stone":11,"minecraft:pumpkin":3,"minecraft:sweet_berries":2,"minecraft:torch":2,"minecraft:porkchop":2,"biomeswevegone:fairy_slipper":3,"biomeswevegone:skyris_log":38,"minecraft:spruce_log":7,"minecraft:red_terracotta":16,"biomeswevegone:weeping_milkcap":1,"biomeswevegone:podzol_dacite":1,"minecraft:purple_bed":1,"minecraft:pumpkin_seeds":3,"minecraft:blue_terracotta":3,"minecraft:rotten_flesh":1,"minecraft:arrow":6,"minecraft:yellow_terracotta":2,"minecraft:baked_potato":1,"biomeswevegone:green_mushroom":2,"biomeswevegone:foxglove":10,"minecraft:emerald":6,"minecraft:oak_sapling":1,"minecraft:mutton":2,"biomeswevegone:white_puffball_spores":4,"minecraft:white_wool":2,"minecraft:cobblestone":11},"minecraft:crafted":{"minecraft:wooden_sword":1,"minecraft:oak_planks":32,"minecraft:crafting_table":1,"minecraft:spruce_planks":24,"minecraft:baked_potato":13,"minecraft:wooden_pickaxe":1,"minecraft:furnace":1,"minecraft:stone_axe":1,"minecraft:stick":32,"minecraft:stone_pickaxe":1,"minecraft:wooden_axe":1,"minecraft:stone_sword":1,"minecraft:spruce_boat":1,"minecraft:smoker":1},"minecraft:killed_by":{"minecraft:zombie":1},"minecraft:dropped":{"biomeswevegone:white_puffball_spores":4,"minecraft:bread":6,"minecraft:blue_terracotta":3,"minecraft:sugar_cane":6,"minecraft:player_head":1,"minecraft:mud_brick_slab":4,"minecraft:baked_potato":10,"minecraft:coarse_dirt":2,"minecraft:birch_sapling":4,"minecraft:yellow_terracotta":2,"minecraft:rotten_flesh":1,"biomeswevegone:podzol_dacite":1,"biomeswevegone:skyris_vine":60,"biomeswevegone:foxglove":10,"minecraft:red_terracotta":16,"minecraft:salmon":2,"minecraft:packed_mud":8,"minecraft:potato":1,"minecraft:mud_bricks":18,"minecraft:wooden_axe":1,"minecraft:yellow_glazed_terracotta":21,"minecraft:oak_sapling":1,"minecraft:wooden_sword":1,"minecraft:wooden_pickaxe":2,"minecraft:paper":9,"minecraft:white_wool":2,"biomeswevegone:wood_blewit":2,"biomeswevegone:fairy_slipper":2},"minecraft:killed":{"minecraft:pig":1,"minecraft:salmon":2,"minecraft:sheep":2,"minecraft:skeleton":2,"minecraft:zombie":1},"minecraft:custom":{"minecraft:mob_kills":8,"minecraft:interact_with_crafting_table":8,"minecraft:open_barrel":3,"minecraft:bell_ring":1,"minecraft:leave_game":6,"minecraft:time_since_death":21131,"minecraft:sleep_in_bed":3,"minecraft:climb_one_cm":1505,"minecraft:time_since_rest":7701,"minecraft:sprint_one_cm":190793,"minecraft:damage_taken":943,"minecraft:walk_one_cm":415317,"minecraft:drop":60,"minecraft:damage_dealt":1226,"minecraft:swim_one_cm":36756,"minecraft:fly_one_cm":58647,"minecraft:open_chest":15,"minecraft:crouch_one_cm":1519,"minecraft:deaths":1,"minecraft:play_time":145771,"minecraft:sneak_time":939,"minecraft:walk_under_water_one_cm":16155,"minecraft:boat_one_cm":262946,"minecraft:jump":625,"minecraft:walk_on_water_one_cm":13036,"minecraft:interact_with_smoker":4,"minecraft:total_world_time":145771,"minecraft:fall_one_cm":11484},"minecraft:mined":{"minecraft:yellow_terracotta":1,"minecraft:mud_brick_slab":2,"minecraft:brown_mushroom":1,"minecraft:dark_oak_leaves":1,"minecraft:smoker":2,"minecraft:crafting_table":2,"minecraft:grass_block":1,"biomeswevegone:weeping_milkcap":1,"minecraft:spruce_leaves":3,"minecraft:mud_bricks":19,"minecraft:sugar_cane":1,"biomeswevegone:white_puffball":1,"biomeswevegone:skyris_log":21,"minecraft:blue_bed":1,"minecraft:purple_bed":1,"biomeswevegone:wood_blewit":2,"minecraft:red_terracotta":7,"minecraft:coarse_dirt":1,"minecraft:blue_terracotta":1,"minecraft:packed_mud":4,"biomeswevegone:podzol_dacite":1,"minecraft:birch_log":6,"minecraft:sweet_berry_bush":1,"minecraft:wheat":2,"minecraft:spruce_log":7,"minecraft:pumpkin":3,"biomeswevegone:fairy_slipper":1,"minecraft:yellow_glazed_terracotta":7,"minecraft:grass":9,"minecraft:oak_log":8,"minecraft:dirt_path":5,"minecraft:dirt":2,"minecraft:gravel":1,"biomeswevegone:rocky_stone":8,"minecraft:stone":12,"minecraft:oak_leaves":3,"biomeswevegone:green_mushroom":2},"minecraft:used":{"minecraft:stone_sword":43,"minecraft:stone_pickaxe":57,"minecraft:wooden_pickaxe":8,"minecraft:dirt":7,"minecraft:crafting_table":3,"minecraft:smoker":3,"minecraft:spruce_log":1,"minecraft:spruce_boat":1,"minecraft:wooden_axe":14,"minecraft:bread":12,"minecraft:mud_bricks":9,"minecraft:stone_axe":25,"minecraft:wooden_sword":1,"minecraft:purple_bed":1,"minecraft:sweet_berries":9,"minecraft:oak_boat":1,"minecraft:potato":16,"minecraft:pumpkin":3}},"DataVersion":3465}