{"stats":{"minecraft:dropped":{"minecraft:granite":2,"minecraft:tropical_fish":1,"minecraft:pufferfish":4,"minecraft:flint":1,"minecraft:dirt":67,"minecraft:diorite":7,"minecraft:sand":6,"minecraft:birch_log":2,"minecraft:lily_pad":4,"minecraft:gravel":1,"minecraft:cobbled_deepslate":26,"minecraft:raw_copper":3,"minecraft:rotten_flesh":22,"minecraft:filled_map":1,"minecraft:peony":1,"minecraft:oak_sapling":1,"minecraft:spider_eye":3,"minecraft:spruce_slab":3,"minecraft:nautilus_shell":2},"minecraft:picked_up":{"minecraft:fishing_rod":4,"minecraft:cocoa_beans":36,"minecraft:crafting_table":1,"minecraft:birch_door":3,"minecraft:wheat":78,"minecraft:chicken":2,"minecraft:clay_ball":5,"minecraft:potion":1,"minecraft:string":8,"minecraft:raw_copper":3,"minecraft:iron_leggings":3,"minecraft:pufferfish":7,"minecraft:cracked_stone_bricks":1,"minecraft:cobbled_deepslate":26,"minecraft:bucket":3,"minecraft:redstone_torch":1,"minecraft:spruce_slab":3,"minecraft:iron_pickaxe":6,"minecraft:chest":2,"minecraft:birch_sapling":14,"minecraft:egg":4,"minecraft:stick":40,"minecraft:raw_iron":47,"minecraft:torch":31,"minecraft:porkchop":1,"minecraft:dried_kelp":15,"minecraft:diorite":21,"minecraft:redstone":66,"minecraft:stone_sword":3,"minecraft:arrow":9,"minecraft:rotten_flesh":28,"minecraft:stone_shovel":3,"minecraft:cooked_cod":6,"minecraft:tropical_fish":2,"minecraft:peony":1,"minecraft:saddle":2,"minecraft:mutton":1,"minecraft:cod":51,"minecraft:white_wool":3,"minecraft:cobblestone":575,"minecraft:nautilus_shell":4,"minecraft:birch_log":63,"minecraft:feather":1,"minecraft:tripwire_hook":2,"minecraft:andesite":119,"minecraft:salmon":24,"minecraft:birch_planks":72,"minecraft:filled_map":3,"minecraft:flint":4,"minecraft:lily_pad":4,"minecraft:cobblestone_wall":7,"minecraft:gunpowder":2,"minecraft:cobblestone_stairs":2,"minecraft:dirt":389,"minecraft:name_tag":2,"minecraft:bone":28,"minecraft:kelp":628,"minecraft:bow":5,"minecraft:wheat_seeds":146,"minecraft:stone_pickaxe":6,"minecraft:stone_hoe":2,"minecraft:iron_sword":2,"minecraft:pumpkin":5,"minecraft:chiseled_stone_bricks":2,"minecraft:gravel":5,"minecraft:sand":37,"minecraft:ink_sac":2,"minecraft:white_bed":1,"minecraft:spider_eye":11,"minecraft:pumpkin_seeds":2,"minecraft:stone_axe":6,"minecraft:granite":11,"minecraft:oak_sapling":1,"minecraft:coal":6},"minecraft:killed":{"minecraft:spider":11,"minecraft:skeleton":10,"minecraft:chicken":1,"minecraft:drowned":2,"minecraft:pig":1,"minecraft:zombie_villager":2,"minecraft:creeper":1,"minecraft:sheep":1,"minecraft:zombie":12},"minecraft:used":{"minecraft:stone_sword":40,"minecraft:stone_shovel":213,"minecraft:chest":6,"minecraft:shield":13,"minecraft:iron_sword":115,"minecraft:cooked_salmon":13,"minecraft:stone_hoe":41,"minecraft:torch":33,"minecraft:dirt":153,"minecraft:anvil":1,"minecraft:cocoa_beans":12,"minecraft:cobblestone_wall":7,"minecraft:birch_door":6,"minecraft:glass":2,"minecraft:bow":5,"minecraft:furnace":1,"minecraft:cooked_cod":26,"minecraft:wheat_seeds":78,"minecraft:cooked_mutton":1,"minecraft:water_bucket":15,"minecraft:diorite":3,"minecraft:cobblestone_stairs":116,"minecraft:stone_pickaxe":610,"minecraft:birch_boat":1,"minecraft:wooden_pickaxe":65,"minecraft:white_wool":4,"minecraft:sand":1,"minecraft:crafting_table":2,"minecraft:white_bed":1,"minecraft:black_bed":1,"minecraft:pumpkin_seeds":5,"minecraft:smoker":2,"minecraft:redstone_torch":1,"minecraft:bread":13,"minecraft:iron_pickaxe":166,"minecraft:stone_axe":157,"minecraft:fishing_rod":116,"minecraft:cobblestone":26,"minecraft:bucket":15,"minecraft:kelp":95,"minecraft:experience_bottle":61,"minecraft:birch_stairs":8},"minecraft:broken":{"minecraft:wooden_pickaxe":1,"minecraft:stone_pickaxe":4,"minecraft:stone_shovel":1},"minecraft:crafted":{"minecraft:black_dye":2,"minecraft:stone_shovel":2,"minecraft:fishing_rod":1,"minecraft:birch_boat":1,"minecraft:cooked_chicken":1,"minecraft:furnace":3,"minecraft:cobblestone_stairs":256,"minecraft:cooked_mutton":1,"minecraft:glass":2,"minecraft:iron_boots":1,"minecraft:stone_pickaxe":6,"minecraft:cobblestone_wall":6,"minecraft:chest":4,"minecraft:birch_door":3,"minecraft:dried_kelp_block":59,"minecraft:stone_hoe":1,"minecraft:smoker":2,"minecraft:cooked_cod":32,"minecraft:crafting_table":1,"minecraft:dried_kelp":533,"minecraft:wooden_pickaxe":1,"minecraft:iron_sword":1,"minecraft:cooked_salmon":9,"minecraft:conduit":1,"minecraft:bucket":1,"minecraft:birch_planks":168,"minecraft:stone_axe":1,"minecraft:bread":17,"minecraft:air":0,"minecraft:iron_chestplate":1,"minecraft:charcoal":3,"minecraft:shield":1,"minecraft:stick":52,"minecraft:iron_ingot":25,"minecraft:iron_pickaxe":2,"minecraft:stone_sword":1,"minecraft:iron_leggings":1,"minecraft:black_bed":1,"minecraft:white_bed":1,"minecraft:redstone_torch":12,"minecraft:torch":36,"minecraft:birch_stairs":12,"minecraft:shears":1},"minecraft:custom":{"minecraft:interact_with_anvil":4,"minecraft:mob_kills":48,"minecraft:interact_with_crafting_table":64,"minecraft:leave_game":14,"minecraft:time_since_death":175763,"minecraft:climb_one_cm":1639,"minecraft:sprint_one_cm":250680,"minecraft:walk_one_cm":845399,"minecraft:damage_blocked_by_shield":335,"minecraft:drop":36,"minecraft:talked_to_villager":1,"minecraft:play_time":421524,"minecraft:sneak_time":4992,"minecraft:deaths":3,"minecraft:walk_under_water_one_cm":122852,"minecraft:boat_one_cm":61841,"minecraft:jump":1360,"minecraft:walk_on_water_one_cm":105812,"minecraft:total_world_time":421524,"minecraft:interact_with_furnace":44,"minecraft:tune_noteblock":2,"minecraft:sleep_in_bed":7,"minecraft:time_since_rest":8198,"minecraft:damage_taken":4211,"minecraft:damage_dealt":7456,"minecraft:swim_one_cm":97036,"minecraft:fly_one_cm":412300,"minecraft:open_chest":94,"minecraft:crouch_one_cm":4045,"minecraft:interact_with_smoker":66,"minecraft:fish_caught":81,"minecraft:fall_one_cm":24314},"minecraft:mined":{"minecraft:tuff":71,"minecraft:white_bed":1,"minecraft:cobblestone_stairs":2,"minecraft:granite":11,"minecraft:grass_block":83,"minecraft:kelp":43,"minecraft:chiseled_stone_bricks":2,"minecraft:spawner":1,"minecraft:iron_ore":23,"minecraft:andesite":99,"minecraft:pumpkin":5,"minecraft:peony":1,"minecraft:vine":1,"minecraft:stone":499,"minecraft:white_wool":2,"minecraft:spruce_slab":3,"minecraft:deepslate_redstone_ore":5,"minecraft:kelp_plant":130,"minecraft:crafting_table":1,"minecraft:torch":3,"minecraft:chest":2,"minecraft:cobblestone":5,"minecraft:copper_ore":1,"minecraft:diorite":7,"minecraft:wall_torch":1,"minecraft:cobblestone_wall":7,"minecraft:birch_log":55,"minecraft:wheat":49,"minecraft:birch_leaves":21,"minecraft:pumpkin_stem":1,"minecraft:birch_door":3,"minecraft:grass":57,"minecraft:coal_ore":6,"minecraft:cocoa":6,"minecraft:gravel":2,"minecraft:sand":22,"minecraft:dirt":145,"minecraft:cracked_stone_bricks":1,"minecraft:oak_leaves":6,"minecraft:deepslate":93}},"DataVersion":3465}