{"stats":{"minecraft:picked_up":{"minecraft:birch_log":6,"minecraft:coarse_dirt":1,"minecraft:mud_brick_slab":2,"minecraft:crafting_table":2,"minecraft:wheat":1,"minecraft:mud_bricks":18,"minecraft:salmon":2,"minecraft:brown_mushroom":1,"minecraft:wooden_pickaxe":1,"minecraft:packed_mud":4,"minecraft:oak_log":8,"minecraft:yellow_glazed_terracotta":7,"minecraft:dirt":7,"minecraft:bone":1,"minecraft:wheat_seeds":4,"minecraft:oak_boat":1,"minecraft:sugar_cane":3,"minecraft:birch_sapling":2,"minecraft:egg":2,"minecraft:stick":2,"minecraft:pumpkin":3,"minecraft:torch":1,"minecraft:spruce_log":7,"minecraft:red_terracotta":7,"minecraft:blue_terracotta":1,"minecraft:rotten_flesh":1,"minecraft:arrow":1,"minecraft:yellow_terracotta":1,"minecraft:oak_sapling":1,"minecraft:cobblestone":11},"minecraft:crafted":{"minecraft:wooden_sword":1,"minecraft:oak_planks":32,"minecraft:crafting_table":1,"minecraft:spruce_planks":24,"minecraft:wooden_pickaxe":1,"minecraft:stone_axe":1,"minecraft:stick":32,"minecraft:stone_pickaxe":1,"minecraft:wooden_axe":1,"minecraft:stone_sword":1,"minecraft:spruce_boat":1},"minecraft:dropped":{"minecraft:bread":6,"minecraft:rotten_flesh":1,"minecraft:wooden_axe":1,"minecraft:oak_sapling":1,"minecraft:wooden_sword":1,"minecraft:wooden_pickaxe":2},"minecraft:killed":{"minecraft:salmon":2},"minecraft:custom":{"minecraft:mob_kills":2,"minecraft:interact_with_crafting_table":6,"minecraft:open_barrel":3,"minecraft:leave_game":6,"minecraft:time_since_death":110960,"minecraft:sleep_in_bed":2,"minecraft:climb_one_cm":970,"minecraft:time_since_rest":26155,"minecraft:sprint_one_cm":121707,"minecraft:damage_taken":537,"minecraft:walk_one_cm":270028,"minecraft:drop":12,"minecraft:damage_dealt":331,"minecraft:swim_one_cm":36756,"minecraft:fly_one_cm":30426,"minecraft:open_chest":11,"minecraft:crouch_one_cm":1519,"minecraft:play_time":110960,"minecraft:sneak_time":939,"minecraft:walk_under_water_one_cm":16155,"minecraft:boat_one_cm":262946,"minecraft:jump":402,"minecraft:walk_on_water_one_cm":13036,"minecraft:total_world_time":110960,"minecraft:fall_one_cm":8341},"minecraft:mined":{"minecraft:yellow_terracotta":1,"minecraft:mud_brick_slab":2,"minecraft:brown_mushroom":1,"minecraft:dark_oak_leaves":1,"minecraft:crafting_table":2,"minecraft:grass_block":1,"minecraft:spruce_leaves":3,"minecraft:mud_bricks":19,"minecraft:sugar_cane":1,"minecraft:red_terracotta":7,"minecraft:coarse_dirt":1,"minecraft:blue_terracotta":1,"minecraft:packed_mud":4,"minecraft:birch_log":6,"minecraft:wheat":2,"minecraft:spruce_log":7,"minecraft:pumpkin":3,"minecraft:yellow_glazed_terracotta":7,"minecraft:oak_log":8,"minecraft:dirt_path":4,"minecraft:dirt":2,"minecraft:gravel":1,"minecraft:stone":12,"minecraft:oak_leaves":1},"minecraft:used":{"minecraft:stone_sword":11,"minecraft:stone_pickaxe":46,"minecraft:wooden_pickaxe":8,"minecraft:dirt":6,"minecraft:crafting_table":2,"minecraft:spruce_log":1,"minecraft:spruce_boat":1,"minecraft:wooden_axe":14,"minecraft:bread":8,"minecraft:stone_axe":2,"minecraft:wooden_sword":1,"minecraft:sweet_berries":5,"minecraft:oak_boat":1,"minecraft:potato":16,"minecraft:pumpkin":3}},"DataVersion":3465}