{"stats":{"minecraft:killed":{"minecraft:spider":2,"minecraft:sheep":1},"minecraft:broken":{"minecraft:stone_pickaxe":2,"minecraft:wooden_pickaxe":1},"minecraft:custom":{"minecraft:interact_with_furnace":26,"minecraft:mob_kills":3,"minecraft:interact_with_crafting_table":26,"minecraft:leave_game":1,"minecraft:time_since_death":124904,"minecraft:sleep_in_bed":2,"minecraft:time_since_rest":15173,"minecraft:sprint_one_cm":32051,"minecraft:damage_taken":330,"minecraft:walk_one_cm":241507,"minecraft:drop":6,"minecraft:damage_dealt":400,"minecraft:swim_one_cm":7868,"minecraft:fly_one_cm":6811,"minecraft:open_chest":2,"minecraft:crouch_one_cm":74,"minecraft:play_time":124904,"minecraft:sneak_time":448,"minecraft:walk_under_water_one_cm":32506,"minecraft:jump":356,"minecraft:walk_on_water_one_cm":28119,"minecraft:interact_with_smoker":10,"minecraft:total_world_time":124904,"minecraft:fish_caught":24,"minecraft:fall_one_cm":3658},"minecraft:crafted":{"minecraft:cooked_cod":17,"minecraft:stone_shovel":2,"minecraft:fishing_rod":1,"minecraft:crafting_table":1,"minecraft:dried_kelp":114,"minecraft:wooden_pickaxe":1,"minecraft:birch_boat":1,"minecraft:furnace":2,"minecraft:cooked_salmon":5,"minecraft:birch_planks":120,"minecraft:stone_axe":1,"minecraft:cooked_mutton":1,"minecraft:air":0,"minecraft:charcoal":3,"minecraft:stick":36,"minecraft:stone_pickaxe":4,"minecraft:cobblestone_wall":6,"minecraft:stone_sword":1,"minecraft:chest":2,"minecraft:white_bed":1,"minecraft:birch_door":3,"minecraft:dried_kelp_block":12,"minecraft:torch":36,"minecraft:birch_stairs":12,"minecraft:stone_hoe":1,"minecraft:smoker":1},"minecraft:picked_up":{"minecraft:nautilus_shell":1,"minecraft:birch_log":37,"minecraft:birch_door":1,"minecraft:crafting_table":1,"minecraft:andesite":82,"minecraft:tripwire_hook":1,"minecraft:salmon":5,"minecraft:potion":1,"minecraft:lily_pad":1,"minecraft:cobblestone_wall":6,"minecraft:dirt":180,"minecraft:string":2,"minecraft:pufferfish":1,"minecraft:kelp":177,"minecraft:wheat_seeds":8,"minecraft:birch_sapling":3,"minecraft:egg":1,"minecraft:raw_iron":3,"minecraft:torch":3,"minecraft:sand":19,"minecraft:spider_eye":2,"minecraft:tropical_fish":1,"minecraft:peony":1,"minecraft:mutton":1,"minecraft:coal":6,"minecraft:cod":17,"minecraft:white_wool":3,"minecraft:cobblestone":275},"minecraft:used":{"minecraft:wheat_seeds":6,"minecraft:cooked_mutton":1,"minecraft:stone_sword":15,"minecraft:stone_shovel":129,"minecraft:stone_pickaxe":314,"minecraft:chest":2,"minecraft:wooden_pickaxe":65,"minecraft:stone_hoe":6,"minecraft:white_wool":4,"minecraft:torch":21,"minecraft:dirt":93,"minecraft:crafting_table":2,"minecraft:cobblestone_wall":7,"minecraft:white_bed":1,"minecraft:smoker":1,"minecraft:birch_door":2,"minecraft:stone_axe":95,"minecraft:fishing_rod":32,"minecraft:cobblestone":6,"minecraft:furnace":1,"minecraft:cooked_cod":5,"minecraft:kelp":33,"minecraft:birch_stairs":8},"minecraft:dropped":{"minecraft:pufferfish":1,"minecraft:peony":1,"minecraft:spider_eye":2,"minecraft:nautilus_shell":1,"minecraft:lily_pad":1},"minecraft:mined":{"minecraft:kelp_plant":20,"minecraft:crafting_table":1,"minecraft:torch":1,"minecraft:grass_block":69,"minecraft:kelp":26,"minecraft:wall_torch":1,"minecraft:cobblestone_wall":6,"minecraft:birch_log":37,"minecraft:iron_ore":3,"minecraft:andesite":82,"minecraft:birch_leaves":21,"minecraft:birch_door":1,"minecraft:peony":1,"minecraft:grass":55,"minecraft:coal_ore":6,"minecraft:sand":19,"minecraft:dirt":79,"minecraft:stone":275,"minecraft:white_wool":2}},"DataVersion":3465}