{"stats":{"minecraft:picked_up":{"minecraft:arrow":1,"minecraft:bone":1,"minecraft:pumpkin":3,"minecraft:brown_mushroom":1,"minecraft:torch":1,"minecraft:oak_sapling":1,"minecraft:dirt":6},"minecraft:dropped":{"minecraft:oak_sapling":1},"minecraft:custom":{"minecraft:open_barrel":3,"minecraft:time_since_rest":38960,"minecraft:open_chest":4,"minecraft:crouch_one_cm":693,"minecraft:play_time":38960,"minecraft:sprint_one_cm":46270,"minecraft:damage_taken":292,"minecraft:walk_one_cm":119887,"minecraft:sneak_time":404,"minecraft:walk_under_water_one_cm":2995,"minecraft:drop":1,"minecraft:jump":250,"minecraft:damage_dealt":25,"minecraft:leave_game":6,"minecraft:walk_on_water_one_cm":3862,"minecraft:time_since_death":38960,"minecraft:climb_one_cm":656,"minecraft:total_world_time":38960,"minecraft:swim_one_cm":14271,"minecraft:fall_one_cm":6237,"minecraft:fly_one_cm":18022},"minecraft:mined":{"minecraft:brown_mushroom":1,"minecraft:grass_block":1,"minecraft:dirt_path":4,"minecraft:dirt":1,"minecraft:pumpkin":3,"minecraft:oak_leaves":1},"minecraft:used":{"minecraft:dirt":5,"minecraft:sweet_berries":5,"minecraft:potato":7,"minecraft:pumpkin":3}},"DataVersion":3465}