{"stats":{"minecraft:picked_up":{"minecraft:arrow":1,"minecraft:bone":1,"minecraft:torch":1,"minecraft:oak_sapling":1,"minecraft:dirt":1},"minecraft:dropped":{"minecraft:oak_sapling":1},"minecraft:custom":{"minecraft:open_barrel":1,"minecraft:time_since_rest":26960,"minecraft:open_chest":3,"minecraft:crouch_one_cm":98,"minecraft:play_time":26960,"minecraft:sprint_one_cm":27585,"minecraft:damage_taken":262,"minecraft:walk_one_cm":71416,"minecraft:sneak_time":137,"minecraft:walk_under_water_one_cm":2995,"minecraft:drop":1,"minecraft:jump":145,"minecraft:damage_dealt":25,"minecraft:leave_game":6,"minecraft:walk_on_water_one_cm":3372,"minecraft:time_since_death":26960,"minecraft:climb_one_cm":357,"minecraft:total_world_time":26960,"minecraft:swim_one_cm":14271,"minecraft:fall_one_cm":5277,"minecraft:fly_one_cm":12624},"minecraft:mined":{"minecraft:grass_block":1,"minecraft:oak_leaves":1},"minecraft:used":{"minecraft:sweet_berries":5,"minecraft:potato":7}},"DataVersion":3465}