{"stats":{"minecraft:picked_up":{"minecraft:wooden_axe":1,"minecraft:wooden_sword":1,"minecraft:stick":2,"minecraft:torch":2,"minecraft:wooden_pickaxe":1,"minecraft:oak_boat":1,"minecraft:player_head":1,"minecraft:spruce_sapling":2,"minecraft:bread":2,"minecraft:poppy":2,"minecraft:spruce_log":7,"minecraft:oak_sapling":1},"minecraft:dropped":{"minecraft:poppy":2,"minecraft:torch":1,"minecraft:spruce_sapling":1,"minecraft:oak_boat":1,"minecraft:oak_sapling":1},"minecraft:custom":{"minecraft:time_since_rest":48247,"minecraft:crouch_one_cm":29,"minecraft:play_time":48247,"minecraft:damage_taken":230,"minecraft:walk_one_cm":64918,"minecraft:sneak_time":3,"minecraft:walk_under_water_one_cm":12216,"minecraft:boat_one_cm":269598,"minecraft:drop":6,"minecraft:jump":85,"minecraft:damage_dealt":150,"minecraft:leave_game":1,"minecraft:walk_on_water_one_cm":6965,"minecraft:time_since_death":48247,"minecraft:total_world_time":48247,"minecraft:talked_to_villager":2,"minecraft:fall_one_cm":4306,"minecraft:fly_one_cm":664},"minecraft:mined":{"minecraft:large_fern":1,"minecraft:poppy":2,"minecraft:spruce_log":8,"minecraft:spruce_leaves":5,"minecraft:oak_leaves":5,"minecraft:torch":1},"minecraft:used":{"minecraft:wooden_axe":15,"minecraft:bread":2,"minecraft:wooden_pickaxe":1,"minecraft:spruce_sapling":1}},"DataVersion":3465}