{"stats":{"minecraft:picked_up":{"minecraft:wooden_axe":1,"minecraft:stick":2,"minecraft:torch":3,"minecraft:wooden_pickaxe":1,"minecraft:gravel":3,"biomeswevegone:fairy_slipper":6,"minecraft:spruce_sapling":2,"biomeswevegone:skyris_log":6,"minecraft:spruce_log":7,"minecraft:red_terracotta":7,"biomeswevegone:skyris_vine":8,"minecraft:wooden_sword":1,"biomeswevegone:podzol_dacite":8,"minecraft:blue_terracotta":10,"biomeswevegone:crocus":2,"minecraft:spruce_boat":1,"biomeswevegone:skyris_sapling":1,"biomeswevegone:green_apple":1,"biomeswevegone:foxglove":7,"minecraft:oak_boat":1,"minecraft:player_head":1,"minecraft:bread":2,"minecraft:poppy":2,"biomeswevegone:dacite_cobblestone":20,"minecraft:oak_sapling":1,"minecraft:cobblestone":5},"minecraft:dropped":{"minecraft:gravel":3,"minecraft:poppy":2,"minecraft:torch":1,"minecraft:oak_boat":1,"minecraft:oak_sapling":1,"minecraft:cobblestone":5,"minecraft:spruce_sapling":1},"minecraft:broken":{"minecraft:wooden_pickaxe":1},"minecraft:custom":{"minecraft:time_since_rest":60247,"minecraft:sprint_one_cm":5250,"minecraft:damage_taken":280,"minecraft:walk_one_cm":90441,"minecraft:drop":14,"minecraft:damage_dealt":150,"minecraft:talked_to_villager":2,"minecraft:fly_one_cm":3517,"minecraft:crouch_one_cm":29,"minecraft:play_time":60247,"minecraft:sneak_time":17,"minecraft:walk_under_water_one_cm":13011,"minecraft:boat_one_cm":270216,"minecraft:jump":138,"minecraft:time_since_death":60247,"minecraft:leave_game":1,"minecraft:walk_on_water_one_cm":7957,"minecraft:total_world_time":60247,"minecraft:fall_one_cm":4919},"minecraft:mined":{"minecraft:large_fern":1,"minecraft:red_terracotta":8,"minecraft:blue_terracotta":11,"biomeswevegone:podzol_dacite":8,"minecraft:spruce_log":8,"biomeswevegone:fairy_slipper":6,"minecraft:torch":1,"minecraft:grass":2,"minecraft:poppy":2,"biomeswevegone:crocus":2,"regions_unexplored:medium_grass":1,"minecraft:spruce_leaves":5,"minecraft:stone":1,"minecraft:oak_leaves":5,"biomeswevegone:dacite":21,"biomeswevegone:foxglove":7,"minecraft:yellow_terracotta":1},"minecraft:used":{"minecraft:wooden_axe":16,"minecraft:bread":2,"minecraft:wooden_pickaxe":65,"biomeswevegone:podzol_dacite":8,"biomeswevegone:green_apple":1,"minecraft:spruce_sapling":1}},"DataVersion":3465}