{"stats":{"minecraft:broken":{"minecraft:wooden_pickaxe":1},"minecraft:custom":{"minecraft:mob_kills":3,"minecraft:leave_game":3,"minecraft:time_since_death":22482,"minecraft:sleep_in_bed":1,"minecraft:climb_one_cm":353,"minecraft:time_since_rest":21884,"minecraft:sprint_one_cm":12353,"minecraft:damage_taken":480,"minecraft:walk_one_cm":169257,"minecraft:drop":21,"minecraft:damage_dealt":547,"minecraft:swim_one_cm":56,"minecraft:talked_to_villager":2,"minecraft:fly_one_cm":10410,"minecraft:open_chest":1,"minecraft:crouch_one_cm":29,"minecraft:play_time":83695,"minecraft:deaths":1,"minecraft:sneak_time":17,"minecraft:walk_under_water_one_cm":30414,"minecraft:boat_one_cm":270216,"minecraft:jump":323,"minecraft:walk_on_water_one_cm":17945,"minecraft:total_world_time":83695,"minecraft:interact_with_smoker":2,"minecraft:fall_one_cm":9793},"minecraft:dropped":{"minecraft:gravel":3,"minecraft:wheat_seeds":2,"minecraft:rotten_flesh":3,"minecraft:cobblestone":5,"minecraft:poppy":2,"minecraft:torch":1,"minecraft:mutton":2,"minecraft:oak_boat":1,"minecraft:oak_sapling":1,"minecraft:spruce_log":14,"minecraft:spruce_sapling":1},"minecraft:killed":{"minecraft:pig":1,"minecraft:sheep":1,"minecraft:chicken":1},"minecraft:picked_up":{"minecraft:wooden_axe":1,"minecraft:feather":1,"minecraft:chicken":1,"minecraft:flower_pot":1,"minecraft:fern":1,"minecraft:wooden_pickaxe":1,"biomeswevegone:skyris_vine":143,"minecraft:blue_bed":1,"minecraft:wooden_sword":1,"biomeswevegone:skyris_sapling":12,"regions_unexplored:red_maple_shrub":1,"minecraft:wheat_seeds":2,"biomeswevegone:green_apple":1,"biomeswevegone:wood_blewit":2,"minecraft:oak_boat":1,"minecraft:player_head":5,"minecraft:poppy":2,"minecraft:chest":2,"minecraft:stick":4,"minecraft:pumpkin":1,"minecraft:torch":7,"minecraft:gravel":3,"minecraft:porkchop":3,"biomeswevegone:fairy_slipper":13,"minecraft:spruce_sapling":4,"minecraft:spruce_log":21,"biomeswevegone:skyris_log":6,"minecraft:red_terracotta":7,"biomeswevegone:podzol_dacite":8,"minecraft:blue_terracotta":10,"minecraft:purple_bed":2,"minecraft:rotten_flesh":3,"biomeswevegone:crocus":4,"minecraft:spruce_boat":2,"biomeswevegone:foxglove":25,"minecraft:bread":3,"biomeswevegone:dacite_cobblestone":40,"minecraft:baked_potato":5,"minecraft:oak_sapling":2,"minecraft:mutton":4,"minecraft:cobblestone":5,"minecraft:white_wool":3,"biomeswevegone:white_puffball_spores":4},"minecraft:crafted":{"minecraft:cooked_mutton":3},"minecraft:used":{"minecraft:chest":1,"minecraft:wooden_pickaxe":65,"minecraft:blue_bed":1,"minecraft:torch":1,"minecraft:fern":1,"minecraft:wooden_axe":16,"minecraft:bread":3,"biomeswevegone:podzol_dacite":8,"biomeswevegone:green_apple":1,"minecraft:spruce_sapling":2,"minecraft:wooden_sword":35,"minecraft:purple_bed":1,"minecraft:oak_sapling":1},"minecraft:killed_by":{"minecraft:skeleton":1},"minecraft:mined":{"minecraft:yellow_terracotta":1,"regions_unexplored:red_maple_shrub":1,"minecraft:torch":6,"minecraft:poppy":2,"biomeswevegone:crocus":2,"minecraft:chest":2,"minecraft:spruce_leaves":6,"biomeswevegone:foxglove":17,"minecraft:large_fern":2,"minecraft:purple_bed":1,"minecraft:red_terracotta":8,"minecraft:blue_terracotta":11,"biomeswevegone:podzol_dacite":8,"minecraft:spruce_log":8,"biomeswevegone:fairy_slipper":6,"minecraft:grass":25,"minecraft:potted_spruce_sapling":1,"regions_unexplored:medium_grass":1,"minecraft:stone":1,"biomeswevegone:dacite":21,"minecraft:oak_leaves":10,"minecraft:fern":1}},"DataVersion":3465}