{"stats":{"minecraft:picked_up":{"minecraft:wooden_axe":1,"minecraft:stick":4,"minecraft:feather":1,"minecraft:chicken":1,"minecraft:fern":1,"minecraft:torch":6,"minecraft:wooden_pickaxe":1,"minecraft:gravel":3,"biomeswevegone:fairy_slipper":13,"minecraft:spruce_sapling":3,"biomeswevegone:skyris_log":6,"minecraft:spruce_log":21,"minecraft:red_terracotta":7,"biomeswevegone:skyris_vine":143,"minecraft:blue_bed":1,"minecraft:wooden_sword":1,"biomeswevegone:podzol_dacite":8,"minecraft:blue_terracotta":10,"minecraft:rotten_flesh":3,"biomeswevegone:crocus":4,"minecraft:spruce_boat":2,"minecraft:wheat_seeds":1,"biomeswevegone:skyris_sapling":12,"biomeswevegone:green_apple":1,"biomeswevegone:foxglove":25,"minecraft:oak_boat":1,"minecraft:player_head":5,"minecraft:bread":2,"minecraft:poppy":2,"biomeswevegone:dacite_cobblestone":40,"minecraft:oak_sapling":1,"minecraft:chest":1,"minecraft:cobblestone":5},"minecraft:killed_by":{"minecraft:skeleton":1},"minecraft:dropped":{"minecraft:gravel":3,"minecraft:poppy":2,"minecraft:torch":1,"minecraft:oak_boat":1,"minecraft:oak_sapling":1,"minecraft:rotten_flesh":3,"minecraft:cobblestone":5,"minecraft:spruce_log":7,"minecraft:spruce_sapling":1},"minecraft:broken":{"minecraft:wooden_pickaxe":1},"minecraft:killed":{"minecraft:chicken":1},"minecraft:custom":{"minecraft:time_since_rest":10436,"minecraft:sprint_one_cm":5250,"minecraft:damage_taken":450,"minecraft:walk_one_cm":133642,"minecraft:mob_kills":1,"minecraft:drop":18,"minecraft:damage_dealt":200,"minecraft:swim_one_cm":56,"minecraft:talked_to_villager":2,"minecraft:fly_one_cm":4380,"minecraft:crouch_one_cm":29,"minecraft:deaths":1,"minecraft:play_time":72247,"minecraft:sneak_time":17,"minecraft:walk_under_water_one_cm":29951,"minecraft:boat_one_cm":270216,"minecraft:jump":266,"minecraft:sleep_in_bed":1,"minecraft:time_since_death":11034,"minecraft:leave_game":1,"minecraft:walk_on_water_one_cm":16263,"minecraft:climb_one_cm":353,"minecraft:total_world_time":72247,"minecraft:fall_one_cm":8624},"minecraft:mined":{"minecraft:large_fern":1,"minecraft:red_terracotta":8,"minecraft:blue_terracotta":11,"biomeswevegone:podzol_dacite":8,"minecraft:spruce_log":8,"biomeswevegone:fairy_slipper":6,"minecraft:torch":5,"minecraft:grass":5,"minecraft:poppy":2,"biomeswevegone:crocus":2,"minecraft:chest":1,"regions_unexplored:medium_grass":1,"minecraft:spruce_leaves":5,"minecraft:stone":1,"minecraft:oak_leaves":5,"biomeswevegone:dacite":21,"biomeswevegone:foxglove":17,"minecraft:yellow_terracotta":1},"minecraft:used":{"minecraft:wooden_axe":16,"minecraft:bread":2,"minecraft:wooden_pickaxe":65,"biomeswevegone:podzol_dacite":8,"biomeswevegone:green_apple":1,"minecraft:spruce_sapling":2,"minecraft:wooden_sword":3,"minecraft:torch":1,"minecraft:fern":1}},"DataVersion":3465}