{"stats":{"minecraft:picked_up":{"minecraft:player_head":1,"minecraft:spruce_sapling":1,"minecraft:bread":1},"minecraft:custom":{"minecraft:jump":57,"minecraft:time_since_rest":12407,"minecraft:damage_dealt":40,"minecraft:crouch_one_cm":29,"minecraft:play_time":12407,"minecraft:damage_taken":170,"minecraft:time_since_death":12407,"minecraft:walk_one_cm":24842,"minecraft:sneak_time":3,"minecraft:total_world_time":12407,"minecraft:talked_to_villager":2,"minecraft:fall_one_cm":3971,"minecraft:fly_one_cm":533},"minecraft:mined":{"minecraft:spruce_leaves":5},"minecraft:used":{"minecraft:spruce_sapling":1}},"DataVersion":3465}