{"stats":{"minecraft:picked_up":{"minecraft:wooden_axe":1,"minecraft:wooden_sword":1,"minecraft:stick":2,"minecraft:torch":1,"minecraft:wooden_pickaxe":1,"minecraft:oak_boat":1,"minecraft:player_head":1,"minecraft:spruce_sapling":2,"minecraft:bread":2,"minecraft:poppy":2,"minecraft:spruce_log":7,"minecraft:oak_sapling":1},"minecraft:dropped":{"minecraft:poppy":2,"minecraft:oak_sapling":1,"minecraft:spruce_sapling":1},"minecraft:custom":{"minecraft:time_since_rest":24407,"minecraft:crouch_one_cm":29,"minecraft:play_time":24407,"minecraft:damage_taken":190,"minecraft:walk_one_cm":59798,"minecraft:sneak_time":3,"minecraft:walk_under_water_one_cm":5849,"minecraft:boat_one_cm":12857,"minecraft:drop":4,"minecraft:jump":71,"minecraft:damage_dealt":130,"minecraft:time_since_death":24407,"minecraft:walk_on_water_one_cm":2785,"minecraft:total_world_time":24407,"minecraft:talked_to_villager":2,"minecraft:fall_one_cm":3971,"minecraft:fly_one_cm":611},"minecraft:mined":{"minecraft:large_fern":1,"minecraft:poppy":2,"minecraft:spruce_log":8,"minecraft:spruce_leaves":5,"minecraft:oak_leaves":5,"minecraft:torch":1},"minecraft:used":{"minecraft:wooden_axe":15,"minecraft:bread":2,"minecraft:wooden_pickaxe":1,"minecraft:spruce_sapling":1}},"DataVersion":3465}