{"stats":{"minecraft:broken":{"minecraft:wooden_axe":1},"minecraft:custom":{"minecraft:mob_kills":3,"minecraft:interact_with_crafting_table":10,"minecraft:interact_with_grindstone":1,"minecraft:leave_game":4,"minecraft:time_since_death":20125,"minecraft:sleep_in_bed":4,"minecraft:climb_one_cm":299,"minecraft:time_since_rest":7788,"minecraft:sprint_one_cm":181865,"minecraft:damage_taken":870,"minecraft:walk_one_cm":195470,"minecraft:drop":30,"minecraft:damage_dealt":508,"minecraft:talked_to_villager":1,"minecraft:swim_one_cm":10488,"minecraft:fly_one_cm":34149,"minecraft:open_chest":8,"minecraft:crouch_one_cm":1096,"minecraft:play_time":123498,"minecraft:deaths":2,"minecraft:sneak_time":761,"minecraft:walk_under_water_one_cm":12482,"minecraft:boat_one_cm":230315,"minecraft:jump":422,"minecraft:walk_on_water_one_cm":8713,"minecraft:total_world_time":123498,"minecraft:interact_with_smoker":5,"minecraft:fall_one_cm":8092},"minecraft:dropped":{"minecraft:bread":2,"minecraft:blue_terracotta":10,"biomeswevegone:crocus":4,"minecraft:player_head":2,"minecraft:raw_iron":4,"minecraft:cobblestone":6,"minecraft:rotten_flesh":1,"minecraft:oak_planks":1,"biomeswevegone:podzol_dacite":1,"biomeswevegone:skyris_vine":127,"minecraft:cooked_mutton":1,"biomeswevegone:foxglove":8,"minecraft:red_terracotta":7,"regions_unexplored:peat_dirt":2,"minecraft:dirt":3,"biomeswevegone:skyris_sapling":10,"minecraft:torch":1,"minecraft:purple_bed":1,"biomeswevegone:skyris_planks":19,"minecraft:wooden_pickaxe":1,"biomeswevegone:fairy_slipper":1,"minecraft:blue_bed":3},"minecraft:killed":{"minecraft:pig":3},"minecraft:picked_up":{"regions_unexplored:peat_dirt":2,"minecraft:charcoal":2,"minecraft:crafting_table":6,"minecraft:ladder":2,"minecraft:salmon":2,"minecraft:potato":1,"minecraft:oak_log":3,"minecraft:paper":9,"biomeswevegone:skyris_vine":254,"minecraft:dirt":4,"minecraft:blue_bed":5,"minecraft:stonecutter":1,"biomeswevegone:skyris_sapling":20,"minecraft:wheat_seeds":1,"biomeswevegone:green_apple":3,"minecraft:oak_boat":3,"minecraft:player_head":2,"minecraft:poppy":4,"minecraft:oak_planks":1,"minecraft:stick":17,"minecraft:raw_iron":4,"minecraft:pumpkin":10,"minecraft:sweet_berries":5,"minecraft:torch":3,"minecraft:porkchop":8,"biomeswevegone:fairy_slipper":2,"biomeswevegone:skyris_log":135,"minecraft:spruce_log":2,"minecraft:red_terracotta":7,"biomeswevegone:podzol_dacite":1,"minecraft:blue_terracotta":10,"minecraft:purple_bed":1,"minecraft:rotten_flesh":2,"biomeswevegone:crocus":4,"minecraft:spruce_boat":2,"minecraft:hay_block":1,"biomeswevegone:skyris_planks":150,"biomeswevegone:foxglove":10,"minecraft:bread":5,"minecraft:baked_potato":4,"minecraft:cobblestone":19},"minecraft:used":{"minecraft:stone_pickaxe":7,"minecraft:stone_shovel":5,"minecraft:ladder":2,"minecraft:wooden_pickaxe":12,"minecraft:cooked_salmon":2,"minecraft:blue_bed":1,"minecraft:crafting_table":4,"minecraft:spruce_boat":2,"minecraft:wooden_axe":63,"minecraft:bread":6,"biomeswevegone:green_apple":3,"minecraft:stone_axe":90,"minecraft:oak_boat":2,"biomeswevegone:skyris_planks":4,"minecraft:potato":1,"minecraft:pumpkin":7},"minecraft:crafted":{"minecraft:oak_planks":12,"minecraft:stone_shovel":1,"minecraft:spruce_planks":8,"minecraft:wooden_pickaxe":2,"minecraft:cooked_salmon":2,"minecraft:stone_axe":1,"minecraft:cooked_mutton":1,"minecraft:bread":3,"minecraft:oak_boat":1,"minecraft:stick":80,"minecraft:stone_pickaxe":1,"minecraft:wooden_axe":1,"minecraft:wheat":9,"biomeswevegone:skyris_planks":148},"minecraft:killed_by":{"minecraft:zombie":2},"minecraft:mined":{"biomeswevegone:skyris_planks":4,"minecraft:crafting_table":6,"minecraft:torch":3,"minecraft:ladder":2,"minecraft:grass_block":2,"regions_unexplored:peat_grass_block":2,"minecraft:campfire":1,"minecraft:blue_bed":3,"biomeswevegone:skyris_log":108,"biomeswevegone:white_puffball":1,"biomeswevegone:green_apple_fruit":1,"biomeswevegone:foxglove":2,"minecraft:hay_block":1,"minecraft:purple_bed":1,"minecraft:red_terracotta":1,"minecraft:iron_ore":2,"minecraft:sweet_berry_bush":2,"minecraft:spruce_log":1,"minecraft:pumpkin":11,"biomeswevegone:fairy_slipper":1,"minecraft:grass":4,"minecraft:oak_log":3,"minecraft:dirt":1,"minecraft:stonecutter":1,"minecraft:stone":13,"minecraft:oak_leaves":4,"minecraft:fern":1,"biomeswevegone:green_apple_skyris_leaves":1}},"DataVersion":3465}