{"stats":{"minecraft:picked_up":{"minecraft:stick":1},"minecraft:custom":{"minecraft:jump":25,"minecraft:time_since_rest":6439,"minecraft:damage_dealt":93,"minecraft:damage_taken":65,"minecraft:leave_game":1,"minecraft:sprint_one_cm":3144,"minecraft:play_time":6439,"minecraft:time_since_death":6439,"minecraft:walk_on_water_one_cm":729,"minecraft:walk_one_cm":18774,"minecraft:sneak_time":9,"minecraft:total_world_time":6439,"minecraft:walk_under_water_one_cm":582,"minecraft:swim_one_cm":1629,"minecraft:fall_one_cm":1444,"minecraft:fly_one_cm":2870},"minecraft:mined":{"minecraft:oak_leaves":1,"minecraft:fern":1,"minecraft:torch":1}},"DataVersion":3465}