{"stats":{"minecraft:picked_up":{"minecraft:crafting_table":1,"minecraft:stick":1,"minecraft:ladder":2,"minecraft:rotten_flesh":1,"minecraft:bread":3},"minecraft:killed_by":{"minecraft:zombie":1},"minecraft:custom":{"minecraft:time_since_rest":2434,"minecraft:open_chest":3,"minecraft:crouch_one_cm":374,"minecraft:play_time":42439,"minecraft:sprint_one_cm":6544,"minecraft:deaths":1,"minecraft:damage_taken":300,"minecraft:walk_one_cm":28875,"minecraft:sneak_time":347,"minecraft:walk_under_water_one_cm":582,"minecraft:jump":39,"minecraft:damage_dealt":214,"minecraft:leave_game":1,"minecraft:walk_on_water_one_cm":729,"minecraft:time_since_death":0,"minecraft:sleep_in_bed":2,"minecraft:total_world_time":42439,"minecraft:climb_one_cm":299,"minecraft:fly_one_cm":3087,"minecraft:swim_one_cm":1629,"minecraft:talked_to_villager":1,"minecraft:fall_one_cm":1444},"minecraft:mined":{"minecraft:ladder":2,"minecraft:grass":1,"minecraft:crafting_table":1,"minecraft:oak_leaves":1,"minecraft:fern":1,"minecraft:torch":1},"minecraft:used":{"minecraft:crafting_table":1,"minecraft:bread":1,"minecraft:ladder":2}},"DataVersion":3465}