{"stats":{"minecraft:picked_up":{"minecraft:crafting_table":4,"minecraft:ladder":2,"minecraft:salmon":2,"minecraft:potato":1,"minecraft:oak_log":3,"minecraft:paper":9,"minecraft:blue_bed":4,"biomeswevegone:skyris_vine":254,"minecraft:dirt":3,"minecraft:wheat_seeds":1,"biomeswevegone:skyris_sapling":20,"biomeswevegone:green_apple":3,"minecraft:oak_boat":3,"minecraft:player_head":2,"minecraft:poppy":4,"minecraft:oak_planks":1,"minecraft:stick":17,"minecraft:raw_iron":4,"minecraft:torch":2,"biomeswevegone:fairy_slipper":2,"minecraft:spruce_log":2,"biomeswevegone:skyris_log":135,"minecraft:red_terracotta":7,"biomeswevegone:podzol_dacite":1,"minecraft:blue_terracotta":10,"minecraft:purple_bed":1,"minecraft:rotten_flesh":2,"biomeswevegone:crocus":4,"minecraft:spruce_boat":2,"biomeswevegone:foxglove":10,"biomeswevegone:skyris_planks":150,"minecraft:bread":5,"minecraft:cobblestone":19},"minecraft:crafted":{"minecraft:oak_planks":12,"minecraft:stone_shovel":1,"minecraft:spruce_planks":8,"minecraft:wooden_pickaxe":1,"minecraft:cooked_salmon":2,"minecraft:stone_axe":1,"minecraft:oak_boat":1,"minecraft:stick":16,"minecraft:stone_pickaxe":1,"minecraft:wooden_axe":1,"biomeswevegone:skyris_planks":148},"minecraft:killed_by":{"minecraft:zombie":2},"minecraft:dropped":{"minecraft:bread":1,"biomeswevegone:crocus":4,"minecraft:player_head":2,"minecraft:raw_iron":4,"biomeswevegone:skyris_vine":127,"biomeswevegone:foxglove":8,"minecraft:dirt":1,"biomeswevegone:skyris_sapling":10,"minecraft:torch":1,"minecraft:purple_bed":1,"biomeswevegone:fairy_slipper":1,"minecraft:blue_bed":3},"minecraft:broken":{"minecraft:wooden_axe":1},"minecraft:custom":{"minecraft:interact_with_crafting_table":7,"minecraft:leave_game":2,"minecraft:time_since_death":9227,"minecraft:sleep_in_bed":3,"minecraft:climb_one_cm":299,"minecraft:time_since_rest":9381,"minecraft:sprint_one_cm":148933,"minecraft:damage_taken":830,"minecraft:walk_one_cm":151258,"minecraft:drop":18,"minecraft:damage_dealt":248,"minecraft:swim_one_cm":10488,"minecraft:talked_to_villager":1,"minecraft:fly_one_cm":31476,"minecraft:open_chest":4,"minecraft:crouch_one_cm":1096,"minecraft:play_time":112600,"minecraft:deaths":2,"minecraft:sneak_time":761,"minecraft:walk_under_water_one_cm":12482,"minecraft:boat_one_cm":230315,"minecraft:jump":380,"minecraft:walk_on_water_one_cm":8713,"minecraft:total_world_time":112600,"minecraft:interact_with_smoker":2,"minecraft:fall_one_cm":7554},"minecraft:mined":{"biomeswevegone:skyris_planks":4,"minecraft:crafting_table":4,"minecraft:torch":2,"minecraft:ladder":2,"minecraft:grass_block":2,"biomeswevegone:skyris_log":108,"biomeswevegone:green_apple_fruit":1,"minecraft:blue_bed":2,"biomeswevegone:foxglove":2,"minecraft:purple_bed":1,"minecraft:red_terracotta":1,"minecraft:iron_ore":2,"minecraft:spruce_log":1,"biomeswevegone:fairy_slipper":1,"minecraft:grass":3,"minecraft:oak_log":3,"minecraft:stone":13,"minecraft:oak_leaves":4,"minecraft:fern":1,"biomeswevegone:green_apple_skyris_leaves":1},"minecraft:used":{"minecraft:stone_shovel":1,"minecraft:stone_pickaxe":7,"minecraft:ladder":2,"minecraft:wooden_pickaxe":11,"minecraft:cooked_salmon":2,"minecraft:crafting_table":2,"minecraft:spruce_boat":2,"minecraft:wooden_axe":63,"minecraft:bread":4,"biomeswevegone:green_apple":3,"minecraft:stone_axe":65,"minecraft:oak_boat":2,"biomeswevegone:skyris_planks":4,"minecraft:potato":1}},"DataVersion":3465}