{"stats":{"minecraft:picked_up":{"minecraft:stick":2,"minecraft:crafting_table":3,"minecraft:ladder":2,"minecraft:torch":1,"minecraft:oak_log":3,"minecraft:spruce_log":2,"minecraft:dirt":2,"minecraft:rotten_flesh":1,"minecraft:spruce_boat":2,"minecraft:oak_boat":2,"minecraft:poppy":2,"minecraft:player_head":1,"minecraft:bread":5,"minecraft:cobblestone":10},"minecraft:crafted":{"minecraft:oak_boat":1,"minecraft:oak_planks":12,"minecraft:stone_shovel":1,"minecraft:spruce_planks":8,"minecraft:stick":16,"minecraft:stone_pickaxe":1,"minecraft:wooden_pickaxe":1,"minecraft:wooden_axe":1,"minecraft:stone_axe":1},"minecraft:killed_by":{"minecraft:zombie":1},"minecraft:dropped":{"minecraft:bread":1,"minecraft:dirt":1,"minecraft:player_head":1},"minecraft:custom":{"minecraft:time_since_rest":26155,"minecraft:sprint_one_cm":57295,"minecraft:damage_taken":600,"minecraft:walk_one_cm":88498,"minecraft:drop":3,"minecraft:damage_dealt":244,"minecraft:talked_to_villager":1,"minecraft:swim_one_cm":6448,"minecraft:interact_with_crafting_table":7,"minecraft:fly_one_cm":12171,"minecraft:open_chest":4,"minecraft:crouch_one_cm":435,"minecraft:play_time":90439,"minecraft:deaths":1,"minecraft:sneak_time":438,"minecraft:walk_under_water_one_cm":10436,"minecraft:boat_one_cm":230315,"minecraft:jump":175,"minecraft:leave_game":1,"minecraft:time_since_death":42571,"minecraft:walk_on_water_one_cm":7316,"minecraft:sleep_in_bed":3,"minecraft:climb_one_cm":299,"minecraft:total_world_time":90439,"minecraft:fall_one_cm":3979},"minecraft:mined":{"minecraft:red_terracotta":1,"minecraft:spruce_log":1,"minecraft:crafting_table":3,"minecraft:torch":2,"minecraft:ladder":2,"minecraft:grass":1,"minecraft:grass_block":2,"minecraft:oak_log":3,"minecraft:stone":10,"minecraft:oak_leaves":4,"minecraft:fern":1},"minecraft:used":{"minecraft:spruce_boat":2,"minecraft:wooden_axe":8,"minecraft:stone_shovel":1,"minecraft:bread":4,"minecraft:stone_pickaxe":2,"minecraft:ladder":2,"minecraft:wooden_pickaxe":9,"minecraft:crafting_table":2,"minecraft:oak_boat":2}},"DataVersion":3465}