{"stats":{"minecraft:picked_up":{"minecraft:crafting_table":2,"minecraft:stick":2,"minecraft:ladder":2,"minecraft:rotten_flesh":1,"minecraft:player_head":1,"minecraft:bread":5,"minecraft:dirt":1},"minecraft:killed_by":{"minecraft:zombie":1},"minecraft:dropped":{"minecraft:player_head":1},"minecraft:custom":{"minecraft:time_since_rest":14434,"minecraft:open_chest":3,"minecraft:crouch_one_cm":374,"minecraft:play_time":54439,"minecraft:sprint_one_cm":27843,"minecraft:deaths":1,"minecraft:damage_taken":360,"minecraft:walk_one_cm":53213,"minecraft:sneak_time":347,"minecraft:walk_under_water_one_cm":757,"minecraft:drop":1,"minecraft:jump":125,"minecraft:damage_dealt":234,"minecraft:leave_game":1,"minecraft:walk_on_water_one_cm":2172,"minecraft:time_since_death":6571,"minecraft:sleep_in_bed":2,"minecraft:total_world_time":54439,"minecraft:climb_one_cm":299,"minecraft:fly_one_cm":10590,"minecraft:swim_one_cm":5237,"minecraft:talked_to_villager":1,"minecraft:fall_one_cm":2818},"minecraft:mined":{"minecraft:ladder":2,"minecraft:grass":1,"minecraft:grass_block":1,"minecraft:crafting_table":2,"minecraft:oak_leaves":1,"minecraft:fern":1,"minecraft:torch":1},"minecraft:used":{"minecraft:crafting_table":1,"minecraft:bread":1,"minecraft:ladder":2}},"DataVersion":3465}