{"stats":{"minecraft:picked_up":{"minecraft:stick":2,"minecraft:crafting_table":3,"minecraft:ladder":2,"minecraft:torch":1,"minecraft:oak_log":3,"minecraft:spruce_log":2,"minecraft:dirt":1,"minecraft:rotten_flesh":1,"minecraft:poppy":2,"minecraft:player_head":1,"minecraft:bread":5,"minecraft:cobblestone":9},"minecraft:crafted":{"minecraft:oak_boat":1,"minecraft:oak_planks":12,"minecraft:stone_shovel":1,"minecraft:spruce_planks":8,"minecraft:stick":16,"minecraft:stone_pickaxe":1,"minecraft:wooden_pickaxe":1,"minecraft:wooden_axe":1,"minecraft:stone_axe":1},"minecraft:killed_by":{"minecraft:zombie":1},"minecraft:dropped":{"minecraft:bread":1,"minecraft:dirt":1,"minecraft:player_head":1},"minecraft:custom":{"minecraft:time_since_rest":2155,"minecraft:sprint_one_cm":56384,"minecraft:damage_taken":460,"minecraft:walk_one_cm":84678,"minecraft:drop":3,"minecraft:damage_dealt":244,"minecraft:talked_to_villager":1,"minecraft:swim_one_cm":5237,"minecraft:interact_with_crafting_table":7,"minecraft:fly_one_cm":10991,"minecraft:open_chest":4,"minecraft:crouch_one_cm":374,"minecraft:play_time":66439,"minecraft:deaths":1,"minecraft:sneak_time":347,"minecraft:walk_under_water_one_cm":757,"minecraft:boat_one_cm":13789,"minecraft:jump":132,"minecraft:leave_game":1,"minecraft:time_since_death":18571,"minecraft:walk_on_water_one_cm":2388,"minecraft:sleep_in_bed":3,"minecraft:climb_one_cm":299,"minecraft:total_world_time":66439,"minecraft:fall_one_cm":3029},"minecraft:mined":{"minecraft:spruce_log":1,"minecraft:crafting_table":3,"minecraft:torch":2,"minecraft:ladder":2,"minecraft:grass":1,"minecraft:grass_block":1,"minecraft:oak_log":3,"minecraft:stone":9,"minecraft:oak_leaves":4,"minecraft:fern":1},"minecraft:used":{"minecraft:wooden_axe":8,"minecraft:bread":4,"minecraft:ladder":2,"minecraft:wooden_pickaxe":9,"minecraft:crafting_table":2,"minecraft:oak_boat":1}},"DataVersion":3465}