{"stats":{"minecraft:picked_up":{"minecraft:crafting_table":3,"minecraft:ladder":2,"minecraft:salmon":2,"minecraft:potato":1,"minecraft:oak_log":3,"biomeswevegone:skyris_vine":127,"minecraft:dirt":2,"biomeswevegone:skyris_sapling":10,"biomeswevegone:green_apple":3,"minecraft:oak_boat":2,"minecraft:player_head":1,"minecraft:poppy":2,"minecraft:stick":6,"minecraft:raw_iron":4,"minecraft:torch":1,"biomeswevegone:fairy_slipper":1,"minecraft:spruce_log":2,"biomeswevegone:skyris_log":83,"minecraft:rotten_flesh":1,"minecraft:spruce_boat":2,"minecraft:bread":5,"biomeswevegone:foxglove":2,"biomeswevegone:skyris_planks":3,"minecraft:cobblestone":13},"minecraft:crafted":{"minecraft:oak_planks":12,"minecraft:stone_shovel":1,"minecraft:spruce_planks":8,"minecraft:wooden_pickaxe":1,"minecraft:cooked_salmon":2,"minecraft:stone_axe":1,"minecraft:oak_boat":1,"minecraft:stick":16,"minecraft:stone_pickaxe":1,"minecraft:wooden_axe":1,"biomeswevegone:skyris_planks":148},"minecraft:killed_by":{"minecraft:zombie":2},"minecraft:dropped":{"minecraft:bread":1,"minecraft:player_head":1,"minecraft:raw_iron":4,"minecraft:dirt":1,"minecraft:torch":1},"minecraft:broken":{"minecraft:wooden_axe":1},"minecraft:custom":{"minecraft:interact_with_crafting_table":7,"minecraft:leave_game":2,"minecraft:time_since_death":1324,"minecraft:sleep_in_bed":3,"minecraft:climb_one_cm":299,"minecraft:time_since_rest":1478,"minecraft:sprint_one_cm":119067,"minecraft:damage_taken":830,"minecraft:walk_one_cm":125258,"minecraft:drop":6,"minecraft:damage_dealt":248,"minecraft:swim_one_cm":6448,"minecraft:talked_to_villager":1,"minecraft:fly_one_cm":29978,"minecraft:open_chest":4,"minecraft:crouch_one_cm":435,"minecraft:play_time":104697,"minecraft:deaths":2,"minecraft:sneak_time":453,"minecraft:walk_under_water_one_cm":10436,"minecraft:boat_one_cm":230315,"minecraft:jump":334,"minecraft:walk_on_water_one_cm":7788,"minecraft:total_world_time":104697,"minecraft:interact_with_smoker":2,"minecraft:fall_one_cm":6869},"minecraft:mined":{"biomeswevegone:skyris_planks":4,"minecraft:crafting_table":3,"minecraft:torch":2,"minecraft:ladder":2,"minecraft:grass_block":2,"biomeswevegone:skyris_log":108,"biomeswevegone:green_apple_fruit":1,"biomeswevegone:foxglove":2,"minecraft:red_terracotta":1,"minecraft:iron_ore":2,"minecraft:spruce_log":1,"biomeswevegone:fairy_slipper":1,"minecraft:grass":3,"minecraft:oak_log":3,"minecraft:stone":13,"minecraft:oak_leaves":4,"minecraft:fern":1,"biomeswevegone:green_apple_skyris_leaves":1},"minecraft:used":{"minecraft:stone_shovel":1,"minecraft:stone_pickaxe":7,"minecraft:ladder":2,"minecraft:wooden_pickaxe":11,"minecraft:cooked_salmon":2,"minecraft:crafting_table":2,"minecraft:spruce_boat":2,"minecraft:wooden_axe":63,"minecraft:bread":4,"biomeswevegone:green_apple":3,"minecraft:stone_axe":61,"minecraft:oak_boat":2,"biomeswevegone:skyris_planks":4,"minecraft:potato":1}},"DataVersion":3465}