{
  "biomeswevegone:biomeswevegone/root": {
    "criteria": {
      "tick": "2024-08-08 17:52:06 +0000"
    },
    "done": true
  },
  "minecraft:recipes/decorations/crafting_table": {
    "criteria": {
      "unlock_right_away": "2024-08-08 17:52:06 +0000"
    },
    "done": true
  },
  "vanilla_refresh:player/end_teleport": {
    "criteria": {
      "s3": "2024-08-08 17:52:06 +0000"
    },
    "done": false
  },
  "incendium:technical/new_player": {
    "criteria": {
      "requirement": "2024-08-08 17:52:06 +0000"
    },
    "done": true
  },
  "dungeons_arise:wda_root": {
    "criteria": {
      "WDA": "2024-08-08 17:52:06 +0000"
    },
    "done": true
  },
  "the_bumblezone:root": {
    "criteria": {
      "instant_granted": "2024-08-08 17:52:06 +0000"
    },
    "done": true
  },
  "betterdungeons:root": {
    "criteria": {
      "always": "2024-08-08 17:52:06 +0000"
    },
    "done": true
  },
  "betterdeserttemples:root": {
    "criteria": {
      "always": "2024-08-08 17:52:06 +0000"
    },
    "done": true
  },
  "the_bumblezone:wiki": {
    "criteria": {
      "instant_granted": "2024-08-08 17:52:06 +0000"
    },
    "done": true
  },
  "vanilla_refresh:player/tick": {
    "criteria": {
      "s": "2024-08-08 17:52:06 +0000"
    },
    "done": true
  },
  "incendium:technical/using/shield": {
    "criteria": {
      "log_spam_fixer": "2024-08-08 17:52:08 +0000"
    },
    "done": false
  },
  "regions_unexplored:parent": {
    "criteria": {
      "load_in_world": "2024-08-08 17:52:08 +0000"
    },
    "done": true
  },
  "incendium:technical/scroll_of_returning": {
    "criteria": {
      "log_spam_fixer": "2024-08-08 17:52:08 +0000"
    },
    "done": false
  },
  "incendium:technical/using/ragnarok": {
    "criteria": {
      "log_spam_fixer": "2024-08-08 17:52:08 +0000"
    },
    "done": false
  },
  "incendium:technical/using/trailblazer": {
    "criteria": {
      "log_spam_fixer": "2024-08-08 17:52:08 +0000"
    },
    "done": false
  },
  "minecraft:adventure/adventuring_time": {
    "criteria": {
      "minecraft:old_growth_pine_taiga": "2024-08-08 20:27:47 +0000",
      "minecraft:taiga": "2024-08-08 20:27:37 +0000",
      "minecraft:dark_forest": "2024-08-08 17:52:08 +0000",
      "minecraft:river": "2024-08-08 19:10:51 +0000",
      "minecraft:old_growth_spruce_taiga": "2024-08-08 19:13:29 +0000"
    },
    "done": false
  },
  "vanilla_refresh:biome/dark_forest": {
    "criteria": {
      "requirement": "2024-08-08 17:52:21 +0000"
    },
    "done": true
  },
  "create:root": {
    "criteria": {
      "0": "2024-08-08 19:10:01 +0000"
    },
    "done": true
  },
  "niftycarts:recipes/supply_cart": {
    "criteria": {
      "has_wheel": "2024-08-08 19:10:01 +0000"
    },
    "done": true
  },
  "niftycarts:recipes/plow": {
    "criteria": {
      "has_wheel": "2024-08-08 19:10:01 +0000"
    },
    "done": true
  },
  "regions_unexplored:recipes/decorations/oak_shrub": {
    "criteria": {
      "has_oak_sapling": "2024-08-08 19:10:01 +0000"
    },
    "done": true
  },
  "niftycarts:recipes/animal_cart": {
    "criteria": {
      "has_wheel": "2024-08-08 19:10:01 +0000"
    },
    "done": true
  },
  "regions_unexplored:recipes/transportation/maple_boat": {
    "criteria": {
      "in_water": "2024-08-08 19:10:49 +0000"
    },
    "done": true
  },
  "deeperdarker:recipes/transportation/echo_boat": {
    "criteria": {
      "in_water": "2024-08-08 19:10:49 +0000"
    },
    "done": true
  },
  "biomeswevegone:recipes/transportation/willow_boat": {
    "criteria": {
      "in_water": "2024-08-08 19:10:49 +0000"
    },
    "done": true
  },
  "natures_spirit:recipes/transportation/mahogany_boat": {
    "criteria": {
      "in_water": "2024-08-08 19:10:49 +0000"
    },
    "done": true
  },
  "regions_unexplored:recipes/transportation/magnolia_boat": {
    "criteria": {
      "in_water": "2024-08-08 19:10:49 +0000"
    },
    "done": true
  },
  "biomeswevegone:recipes/transportation/pine_boat": {
    "criteria": {
      "in_water": "2024-08-08 19:10:49 +0000"
    },
    "done": true
  },
  "minecraft:recipes/transportation/cherry_boat": {
    "criteria": {
      "in_water": "2024-08-08 19:10:49 +0000"
    },
    "done": true
  },
  "minecraft:recipes/transportation/bamboo_raft": {
    "criteria": {
      "in_water": "2024-08-08 19:10:49 +0000"
    },
    "done": true
  },
  "regions_unexplored:recipes/transportation/kapok_boat": {
    "criteria": {
      "in_water": "2024-08-08 19:10:49 +0000"
    },
    "done": true
  },
  "regions_unexplored:recipes/transportation/cypress_boat": {
    "criteria": {
      "in_water": "2024-08-08 19:10:49 +0000"
    },
    "done": true
  },
  "biomeswevegone:recipes/transportation/rainbow_eucalyptus_boat": {
    "criteria": {
      "in_water": "2024-08-08 19:10:49 +0000"
    },
    "done": true
  },
  "natures_spirit:recipes/transportation/sugi_boat": {
    "criteria": {
      "in_water": "2024-08-08 19:10:49 +0000"
    },
    "done": true
  },
  "natures_spirit:recipes/transportation/joshua_boat": {
    "criteria": {
      "in_water": "2024-08-08 19:10:49 +0000"
    },
    "done": true
  },
  "regions_unexplored:recipes/transportation/larch_boat": {
    "criteria": {
      "in_water": "2024-08-08 19:10:49 +0000"
    },
    "done": true
  },
  "natures_spirit:recipes/transportation/ghaf_boat": {
    "criteria": {
      "in_water": "2024-08-08 19:10:49 +0000"
    },
    "done": true
  },
  "natures_spirit:recipes/transportation/willow_boat": {
    "criteria": {
      "in_water": "2024-08-08 19:10:49 +0000"
    },
    "done": true
  },
  "biomeswevegone:recipes/transportation/mahogany_boat": {
    "criteria": {
      "in_water": "2024-08-08 19:10:49 +0000"
    },
    "done": true
  },
  "biomeswevegone:recipes/transportation/baobab_boat": {
    "criteria": {
      "in_water": "2024-08-08 19:10:49 +0000"
    },
    "done": true
  },
  "biomeswevegone:recipes/transportation/aspen_boat": {
    "criteria": {
      "in_water": "2024-08-08 19:10:49 +0000"
    },
    "done": true
  },
  "biomeswevegone:recipes/transportation/skyris_boat": {
    "criteria": {
      "in_water": "2024-08-08 19:10:49 +0000"
    },
    "done": true
  },
  "minecraft:recipes/transportation/acacia_boat": {
    "criteria": {
      "in_water": "2024-08-08 19:10:49 +0000"
    },
    "done": true
  },
  "biomeswevegone:recipes/transportation/fir_boat": {
    "criteria": {
      "in_water": "2024-08-08 19:10:49 +0000"
    },
    "done": true
  },
  "natures_spirit:recipes/transportation/fir_boat": {
    "criteria": {
      "in_water": "2024-08-08 19:10:49 +0000"
    },
    "done": true
  },
  "biomeswevegone:recipes/transportation/redwood_boat": {
    "criteria": {
      "in_water": "2024-08-08 19:10:49 +0000"
    },
    "done": true
  },
  "biomeswevegone:recipes/transportation/white_mangrove_boat": {
    "criteria": {
      "in_water": "2024-08-08 19:10:49 +0000"
    },
    "done": true
  },
  "biomeswevegone:recipes/transportation/cypress_boat": {
    "criteria": {
      "in_water": "2024-08-08 19:10:49 +0000"
    },
    "done": true
  },
  "natures_spirit:recipes/transportation/cypress_boat": {
    "criteria": {
      "in_water": "2024-08-08 19:10:49 +0000"
    },
    "done": true
  },
  "biomeswevegone:recipes/transportation/cika_boat": {
    "criteria": {
      "in_water": "2024-08-08 19:10:49 +0000"
    },
    "done": true
  },
  "biomeswevegone:recipes/transportation/ebony_boat": {
    "criteria": {
      "in_water": "2024-08-08 19:10:49 +0000"
    },
    "done": true
  },
  "minecraft:recipes/transportation/jungle_boat": {
    "criteria": {
      "in_water": "2024-08-08 19:10:49 +0000"
    },
    "done": true
  },
  "natures_spirit:recipes/transportation/redwood_boat": {
    "criteria": {
      "in_water": "2024-08-08 19:10:49 +0000"
    },
    "done": true
  },
  "regions_unexplored:recipes/transportation/blackwood_boat": {
    "criteria": {
      "in_water": "2024-08-08 19:10:49 +0000"
    },
    "done": true
  },
  "biomeswevegone:recipes/transportation/holly_boat": {
    "criteria": {
      "in_water": "2024-08-08 19:10:49 +0000"
    },
    "done": true
  },
  "regions_unexplored:recipes/transportation/pine_boat": {
    "criteria": {
      "in_water": "2024-08-08 19:10:49 +0000"
    },
    "done": true
  },
  "regions_unexplored:recipes/transportation/eucalyptus_boat": {
    "criteria": {
      "in_water": "2024-08-08 19:10:49 +0000"
    },
    "done": true
  },
  "biomeswevegone:recipes/transportation/maple_boat": {
    "criteria": {
      "in_water": "2024-08-08 19:10:49 +0000"
    },
    "done": true
  },
  "natures_spirit:recipes/transportation/saxaul_boat": {
    "criteria": {
      "in_water": "2024-08-08 19:10:49 +0000"
    },
    "done": true
  },
  "biomeswevegone:recipes/transportation/sakura_boat": {
    "criteria": {
      "in_water": "2024-08-08 19:10:49 +0000"
    },
    "done": true
  },
  "natures_spirit:recipes/transportation/aspen_boat": {
    "criteria": {
      "in_water": "2024-08-08 19:10:49 +0000"
    },
    "done": true
  },
  "regions_unexplored:recipes/transportation/palm_boat": {
    "criteria": {
      "in_water": "2024-08-08 19:10:49 +0000"
    },
    "done": true
  },
  "regions_unexplored:recipes/transportation/socotra_boat": {
    "criteria": {
      "in_water": "2024-08-08 19:10:49 +0000"
    },
    "done": true
  },
  "biomeswevegone:recipes/transportation/florus_boat": {
    "criteria": {
      "in_water": "2024-08-08 19:10:49 +0000"
    },
    "done": true
  },
  "natures_spirit:recipes/transportation/coconut_boat": {
    "criteria": {
      "in_water": "2024-08-08 19:10:49 +0000"
    },
    "done": true
  },
  "minecraft:recipes/transportation/spruce_boat": {
    "criteria": {
      "in_water": "2024-08-08 19:10:49 +0000"
    },
    "done": true
  },
  "regions_unexplored:recipes/transportation/oak_boat": {
    "criteria": {
      "has_the_recipe": "2024-08-08 19:10:49 +0000",
      "in_water": "2024-08-08 19:10:49 +0000"
    },
    "done": true
  },
  "minecraft:recipes/transportation/birch_boat": {
    "criteria": {
      "in_water": "2024-08-08 19:10:49 +0000"
    },
    "done": true
  },
  "natures_spirit:recipes/transportation/palo_verde_boat": {
    "criteria": {
      "in_water": "2024-08-08 19:10:49 +0000"
    },
    "done": true
  },
  "regions_unexplored:recipes/transportation/dead_boat": {
    "criteria": {
      "in_water": "2024-08-08 19:10:49 +0000"
    },
    "done": true
  },
  "minecraft:recipes/transportation/oak_boat": {
    "criteria": {
      "in_water": "2024-08-08 19:10:49 +0000"
    },
    "done": true
  },
  "natures_spirit:recipes/transportation/wisteria_boat": {
    "criteria": {
      "in_water": "2024-08-08 19:10:49 +0000"
    },
    "done": true
  },
  "biomeswevegone:recipes/transportation/blue_enchanted_boat": {
    "criteria": {
      "in_water": "2024-08-08 19:10:49 +0000"
    },
    "done": true
  },
  "minecraft:recipes/transportation/mangrove_boat": {
    "criteria": {
      "in_water": "2024-08-08 19:10:49 +0000"
    },
    "done": true
  },
  "biomeswevegone:recipes/transportation/witch_hazel_boat": {
    "criteria": {
      "in_water": "2024-08-08 19:10:49 +0000"
    },
    "done": true
  },
  "biomeswevegone:recipes/transportation/jacaranda_boat": {
    "criteria": {
      "in_water": "2024-08-08 19:10:49 +0000"
    },
    "done": true
  },
  "natures_spirit:recipes/transportation/olive_boat": {
    "criteria": {
      "in_water": "2024-08-08 19:10:49 +0000"
    },
    "done": true
  },
  "regions_unexplored:recipes/transportation/mauve_boat": {
    "criteria": {
      "in_water": "2024-08-08 19:10:49 +0000"
    },
    "done": true
  },
  "regions_unexplored:recipes/transportation/redwood_boat": {
    "criteria": {
      "in_water": "2024-08-08 19:10:49 +0000"
    },
    "done": true
  },
  "biomeswevegone:recipes/transportation/palm_boat": {
    "criteria": {
      "in_water": "2024-08-08 19:10:49 +0000"
    },
    "done": true
  },
  "biomeswevegone:recipes/transportation/zelkova_boat": {
    "criteria": {
      "in_water": "2024-08-08 19:10:49 +0000"
    },
    "done": true
  },
  "biomeswevegone:recipes/transportation/green_enchanted_boat": {
    "criteria": {
      "in_water": "2024-08-08 19:10:49 +0000"
    },
    "done": true
  },
  "regions_unexplored:recipes/transportation/baobab_boat": {
    "criteria": {
      "in_water": "2024-08-08 19:10:49 +0000"
    },
    "done": true
  },
  "biomeswevegone:recipes/transportation/ironwood_boat": {
    "criteria": {
      "in_water": "2024-08-08 19:10:49 +0000"
    },
    "done": true
  },
  "natures_spirit:recipes/transportation/maple_boat": {
    "criteria": {
      "in_water": "2024-08-08 19:10:49 +0000"
    },
    "done": true
  },
  "regions_unexplored:recipes/transportation/willow_boat": {
    "criteria": {
      "in_water": "2024-08-08 19:10:49 +0000"
    },
    "done": true
  },
  "natures_spirit:recipes/transportation/cedar_boat": {
    "criteria": {
      "in_water": "2024-08-08 19:10:49 +0000"
    },
    "done": true
  },
  "natures_spirit:recipes/transportation/larch_boat": {
    "criteria": {
      "in_water": "2024-08-08 19:10:49 +0000"
    },
    "done": true
  },
  "regions_unexplored:recipes/transportation/joshua_boat": {
    "criteria": {
      "in_water": "2024-08-08 19:10:49 +0000"
    },
    "done": true
  },
  "minecraft:recipes/transportation/dark_oak_boat": {
    "criteria": {
      "in_water": "2024-08-08 19:10:49 +0000"
    },
    "done": true
  },
  "minecraft:recipes/misc/bone_meal": {
    "criteria": {
      "has_bone": "2024-08-08 19:11:12 +0000"
    },
    "done": true
  },
  "travelersbackpack:recipes/misc/wolf": {
    "criteria": {
      "has_bone": "2024-08-08 19:11:12 +0000"
    },
    "done": true
  },
  "travelersbackpack:recipes/misc/skeleton": {
    "criteria": {
      "has_arrow": "2024-08-08 19:11:16 +0000"
    },
    "done": true
  },
  "minecraft:recipes/food/baked_potato_from_campfire_cooking": {
    "criteria": {
      "has_potato": "2024-08-08 19:12:26 +0000"
    },
    "done": true
  },
  "minecraft:recipes/food/baked_potato": {
    "criteria": {
      "has_potato": "2024-08-08 19:12:26 +0000"
    },
    "done": true
  },
  "minecraft:recipes/food/baked_potato_from_smoking": {
    "criteria": {
      "has_potato": "2024-08-08 19:12:26 +0000"
    },
    "done": true
  },
  "travelersbackpack:recipes/misc/fox": {
    "criteria": {
      "has_sweet_berries": "2024-08-08 19:12:27 +0000"
    },
    "done": true
  },
  "minecraft:recipes/building_blocks/emerald_block": {
    "criteria": {
      "has_emerald": "2024-08-08 19:12:33 +0000"
    },
    "done": true
  },
  "travelersbackpack:recipes/misc/emerald": {
    "criteria": {
      "has_emerald": "2024-08-08 19:12:33 +0000"
    },
    "done": true
  },
  "minecraft:husbandry/root": {
    "criteria": {
      "consumed_item": "2024-08-08 19:12:45 +0000"
    },
    "done": true
  },
  "biomeswevegone:biomeswevegone/husbandry/root": {
    "criteria": {
      "consumed_item": "2024-08-08 19:12:45 +0000"
    },
    "done": true
  },
  "minecraft:husbandry/balanced_diet": {
    "criteria": {
      "sweet_berries": "2024-08-08 19:13:23 +0000",
      "potato": "2024-08-08 19:12:45 +0000",
      "bread": "2024-08-08 20:33:23 +0000"
    },
    "done": false
  },
  "vanilla_refresh:biome/old_growth_taiga": {
    "criteria": {
      "requirement": "2024-08-08 19:13:29 +0000"
    },
    "done": true
  },
  "vanilla_refresh:player/hurt": {
    "criteria": {
      "requirement": "2024-08-08 20:17:48 +0000"
    },
    "done": true
  },
  "regions_unexplored:recipes/decorations/spruce_shrub": {
    "criteria": {
      "has_spruce_sapling": "2024-08-08 20:34:30 +0000"
    },
    "done": true
  },
  "regions_unexplored:recipes/building_blocks/deepslate_viridescent_nylium": {
    "criteria": {
      "has_mushroom": "2024-08-08 20:28:40 +0000"
    },
    "done": true
  },
  "minecraft:recipes/misc/map": {
    "criteria": {
      "has_compass": "2024-08-08 20:28:47 +0000"
    },
    "done": true
  },
  "minecraft:recipes/decorations/chest": {
    "criteria": {
      "has_lots_of_items": "2024-08-08 20:32:48 +0000"
    },
    "done": true
  },
  "minecraft:recipes/food/bread": {
    "criteria": {
      "has_wheat": "2024-08-08 20:32:48 +0000"
    },
    "done": true
  },
  "minecraft:recipes/building_blocks/hay_block": {
    "criteria": {
      "has_wheat": "2024-08-08 20:32:48 +0000"
    },
    "done": true
  },
  "travelersbackpack:recipes/misc/pumpkin": {
    "criteria": {
      "has_pumpkin": "2024-08-08 20:27:00 +0000"
    },
    "done": true
  },
  "minecraft:recipes/food/pumpkin_pie": {
    "criteria": {
      "has_pumpkin": "2024-08-08 20:27:00 +0000"
    },
    "done": true
  },
  "vanilla_refresh:biome/taiga": {
    "criteria": {
      "requirement": "2024-08-08 20:27:38 +0000"
    },
    "done": true
  },
  "minecraft:recipes/misc/charcoal": {
    "criteria": {
      "has_log": "2024-08-08 20:39:54 +0000"
    },
    "done": true
  },
  "regions_unexplored:recipes/decorations/oak_branch_from_oak_log": {
    "criteria": {
      "has_log": "2024-08-08 20:39:54 +0000"
    },
    "done": true
  },
  "minecraft:recipes/building_blocks/oak_planks": {
    "criteria": {
      "has_logs": "2024-08-08 20:39:54 +0000"
    },
    "done": true
  },
  "minecraft:recipes/building_blocks/oak_wood": {
    "criteria": {
      "has_log": "2024-08-08 20:39:54 +0000"
    },
    "done": true
  },
  "travelersbackpack:recipes/misc/hay": {
    "criteria": {
      "has_wheat": "2024-08-08 20:32:48 +0000"
    },
    "done": true
  },
  "minecraft:recipes/misc/book": {
    "criteria": {
      "has_paper": "2024-08-08 20:33:53 +0000"
    },
    "done": true
  },
  "minecraft:recipes/misc/bowl": {
    "criteria": {
      "has_brown_mushroom": "2024-08-08 20:28:40 +0000"
    },
    "done": true
  },
  "minecraft:recipes/misc/pumpkin_seeds": {
    "criteria": {
      "has_pumpkin": "2024-08-08 20:27:00 +0000"
    },
    "done": true
  },
  "create:recipes/misc/crafting/schematics/schematic_and_quill": {
    "criteria": {
      "has_item": "2024-08-08 20:33:53 +0000"
    },
    "done": true
  },
  "create:recipes/misc/crafting/schematics/empty_schematic": {
    "criteria": {
      "has_item": "2024-08-08 20:33:53 +0000"
    },
    "done": true
  },
  "create:recipes/misc/crafting/materials/sand_paper": {
    "criteria": {
      "has_item": "2024-08-08 20:33:53 +0000"
    },
    "done": true
  },
  "create:recipes/misc/crafting/materials/red_sand_paper": {
    "criteria": {
      "has_item": "2024-08-08 20:33:53 +0000"
    },
    "done": true
  },
  "regions_unexplored:recipes/building_blocks/viridescent_nylium": {
    "criteria": {
      "has_mushroom": "2024-08-08 20:28:40 +0000"
    },
    "done": true
  },
  "minecraft:recipes/decorations/cartography_table": {
    "criteria": {
      "has_paper": "2024-08-08 20:33:53 +0000"
    },
    "done": true
  },
  "minecraft:recipes/food/mushroom_stew": {
    "criteria": {
      "has_brown_mushroom": "2024-08-08 20:28:40 +0000"
    },
    "done": true
  },
  "DataVersion": 3465
}