{
  "biomeswevegone:biomeswevegone/root": {
    "criteria": {
      "tick": "2024-08-08 20:50:18 +0000"
    },
    "done": true
  },
  "minecraft:recipes/decorations/crafting_table": {
    "criteria": {
      "unlock_right_away": "2024-08-08 20:50:18 +0000"
    },
    "done": true
  },
  "vanilla_refresh:player/end_teleport": {
    "criteria": {
      "s3": "2024-08-08 20:50:18 +0000"
    },
    "done": false
  },
  "incendium:technical/new_player": {
    "criteria": {
      "requirement": "2024-08-08 20:50:18 +0000"
    },
    "done": true
  },
  "dungeons_arise:wda_root": {
    "criteria": {
      "WDA": "2024-08-08 20:50:18 +0000"
    },
    "done": true
  },
  "the_bumblezone:root": {
    "criteria": {
      "instant_granted": "2024-08-08 20:50:18 +0000"
    },
    "done": true
  },
  "betterdungeons:root": {
    "criteria": {
      "always": "2024-08-08 20:50:18 +0000"
    },
    "done": true
  },
  "betterdeserttemples:root": {
    "criteria": {
      "always": "2024-08-08 20:50:18 +0000"
    },
    "done": true
  },
  "the_bumblezone:wiki": {
    "criteria": {
      "instant_granted": "2024-08-08 20:50:18 +0000"
    },
    "done": true
  },
  "vanilla_refresh:player/tick": {
    "criteria": {
      "s": "2024-08-08 20:50:18 +0000"
    },
    "done": true
  },
  "incendium:technical/using/shield": {
    "criteria": {
      "log_spam_fixer": "2024-08-08 20:50:19 +0000"
    },
    "done": false
  },
  "regions_unexplored:parent": {
    "criteria": {
      "load_in_world": "2024-08-08 20:50:19 +0000"
    },
    "done": true
  },
  "incendium:technical/scroll_of_returning": {
    "criteria": {
      "log_spam_fixer": "2024-08-08 20:50:19 +0000"
    },
    "done": false
  },
  "incendium:technical/using/ragnarok": {
    "criteria": {
      "log_spam_fixer": "2024-08-08 20:50:19 +0000"
    },
    "done": false
  },
  "incendium:technical/using/trailblazer": {
    "criteria": {
      "log_spam_fixer": "2024-08-08 20:50:19 +0000"
    },
    "done": false
  },
  "minecraft:adventure/adventuring_time": {
    "criteria": {
      "minecraft:dark_forest": "2024-08-08 20:50:19 +0000",
      "minecraft:cold_ocean": "2024-08-08 21:24:46 +0000",
      "minecraft:river": "2024-08-08 20:58:28 +0000",
      "minecraft:ocean": "2024-08-08 21:23:04 +0000",
      "minecraft:old_growth_spruce_taiga": "2024-08-08 20:55:58 +0000"
    },
    "done": false
  },
  "vanilla_refresh:biome/dark_forest": {
    "criteria": {
      "requirement": "2024-08-08 20:50:28 +0000"
    },
    "done": true
  },
  "vanilla_refresh:biome/old_growth_taiga": {
    "criteria": {
      "requirement": "2024-08-08 20:55:58 +0000"
    },
    "done": true
  },
  "regions_unexplored:recipes/decorations/spruce_shrub": {
    "criteria": {
      "has_spruce_sapling": "2024-08-08 20:58:15 +0000"
    },
    "done": true
  },
  "create:root": {
    "criteria": {
      "0": "2024-08-08 20:58:15 +0000"
    },
    "done": true
  },
  "niftycarts:recipes/supply_cart": {
    "criteria": {
      "has_wheel": "2024-08-08 20:58:15 +0000"
    },
    "done": true
  },
  "niftycarts:recipes/plow": {
    "criteria": {
      "has_wheel": "2024-08-08 20:58:15 +0000"
    },
    "done": true
  },
  "niftycarts:recipes/animal_cart": {
    "criteria": {
      "has_wheel": "2024-08-08 20:58:15 +0000"
    },
    "done": true
  },
  "minecraft:recipes/decorations/ladder": {
    "criteria": {
      "has_stick": "2024-08-08 21:00:57 +0000"
    },
    "done": true
  },
  "another_furniture:recipes/oak_drawer": {
    "criteria": {
      "has_planks": "2024-08-08 21:00:57 +0000"
    },
    "done": true
  },
  "minecraft:recipes/tools/wooden_axe": {
    "criteria": {
      "has_stick": "2024-08-08 21:00:57 +0000"
    },
    "done": true
  },
  "another_furniture:recipes/dark_oak_drawer": {
    "criteria": {
      "has_planks": "2024-08-08 21:00:57 +0000"
    },
    "done": true
  },
  "another_furniture:recipes/acacia_drawer": {
    "criteria": {
      "has_planks": "2024-08-08 21:00:57 +0000"
    },
    "done": true
  },
  "another_furniture:recipes/spruce_drawer": {
    "criteria": {
      "has_planks": "2024-08-08 21:00:57 +0000"
    },
    "done": true
  },
  "minecraft:recipes/decorations/campfire": {
    "criteria": {
      "has_stick": "2024-08-08 21:00:57 +0000"
    },
    "done": true
  },
  "minecraft:recipes/tools/wooden_hoe": {
    "criteria": {
      "has_stick": "2024-08-08 21:00:57 +0000"
    },
    "done": true
  },
  "minecraft:recipes/tools/wooden_shovel": {
    "criteria": {
      "has_stick": "2024-08-08 21:00:57 +0000"
    },
    "done": true
  },
  "another_furniture:recipes/cherry_drawer": {
    "criteria": {
      "has_planks": "2024-08-08 21:00:57 +0000"
    },
    "done": true
  },
  "another_furniture:recipes/bamboo_drawer": {
    "criteria": {
      "has_planks": "2024-08-08 21:00:57 +0000"
    },
    "done": true
  },
  "minecraft:recipes/combat/wooden_sword": {
    "criteria": {
      "has_stick": "2024-08-08 21:00:57 +0000"
    },
    "done": true
  },
  "another_furniture:recipes/warped_drawer": {
    "criteria": {
      "has_planks": "2024-08-08 21:00:57 +0000"
    },
    "done": true
  },
  "sawmill:recipes/sawmill": {
    "criteria": {
      "has_sticks": "2024-08-08 21:00:57 +0000"
    },
    "done": true
  },
  "another_furniture:recipes/jungle_drawer": {
    "criteria": {
      "has_planks": "2024-08-08 21:00:57 +0000"
    },
    "done": true
  },
  "another_furniture:recipes/crimson_drawer": {
    "criteria": {
      "has_planks": "2024-08-08 21:00:57 +0000"
    },
    "done": true
  },
  "minecraft:recipes/tools/wooden_pickaxe": {
    "criteria": {
      "has_stick": "2024-08-08 21:00:57 +0000"
    },
    "done": true
  },
  "another_furniture:recipes/mangrove_drawer": {
    "criteria": {
      "has_planks": "2024-08-08 21:00:57 +0000"
    },
    "done": true
  },
  "another_furniture:recipes/furniture_hammer": {
    "criteria": {
      "has_stick": "2024-08-08 21:00:57 +0000"
    },
    "done": true
  },
  "another_furniture:recipes/birch_drawer": {
    "criteria": {
      "has_planks": "2024-08-08 21:00:57 +0000"
    },
    "done": true
  },
  "regions_unexplored:recipes/transportation/maple_boat": {
    "criteria": {
      "in_water": "2024-08-08 21:04:28 +0000"
    },
    "done": true
  },
  "deeperdarker:recipes/transportation/echo_boat": {
    "criteria": {
      "in_water": "2024-08-08 21:04:28 +0000"
    },
    "done": true
  },
  "biomeswevegone:recipes/transportation/willow_boat": {
    "criteria": {
      "in_water": "2024-08-08 21:04:28 +0000"
    },
    "done": true
  },
  "natures_spirit:recipes/transportation/mahogany_boat": {
    "criteria": {
      "in_water": "2024-08-08 21:04:28 +0000"
    },
    "done": true
  },
  "regions_unexplored:recipes/transportation/magnolia_boat": {
    "criteria": {
      "in_water": "2024-08-08 21:04:28 +0000"
    },
    "done": true
  },
  "biomeswevegone:recipes/transportation/pine_boat": {
    "criteria": {
      "in_water": "2024-08-08 21:04:28 +0000"
    },
    "done": true
  },
  "minecraft:recipes/transportation/cherry_boat": {
    "criteria": {
      "in_water": "2024-08-08 21:04:28 +0000"
    },
    "done": true
  },
  "minecraft:recipes/transportation/bamboo_raft": {
    "criteria": {
      "in_water": "2024-08-08 21:04:28 +0000"
    },
    "done": true
  },
  "regions_unexplored:recipes/transportation/kapok_boat": {
    "criteria": {
      "in_water": "2024-08-08 21:04:28 +0000"
    },
    "done": true
  },
  "regions_unexplored:recipes/transportation/cypress_boat": {
    "criteria": {
      "in_water": "2024-08-08 21:04:28 +0000"
    },
    "done": true
  },
  "biomeswevegone:recipes/transportation/rainbow_eucalyptus_boat": {
    "criteria": {
      "in_water": "2024-08-08 21:04:28 +0000"
    },
    "done": true
  },
  "natures_spirit:recipes/transportation/sugi_boat": {
    "criteria": {
      "in_water": "2024-08-08 21:04:28 +0000"
    },
    "done": true
  },
  "natures_spirit:recipes/transportation/joshua_boat": {
    "criteria": {
      "in_water": "2024-08-08 21:04:28 +0000"
    },
    "done": true
  },
  "regions_unexplored:recipes/transportation/larch_boat": {
    "criteria": {
      "in_water": "2024-08-08 21:04:28 +0000"
    },
    "done": true
  },
  "natures_spirit:recipes/transportation/ghaf_boat": {
    "criteria": {
      "in_water": "2024-08-08 21:04:28 +0000"
    },
    "done": true
  },
  "natures_spirit:recipes/transportation/willow_boat": {
    "criteria": {
      "in_water": "2024-08-08 21:04:28 +0000"
    },
    "done": true
  },
  "biomeswevegone:recipes/transportation/mahogany_boat": {
    "criteria": {
      "in_water": "2024-08-08 21:04:28 +0000"
    },
    "done": true
  },
  "biomeswevegone:recipes/transportation/baobab_boat": {
    "criteria": {
      "in_water": "2024-08-08 21:04:28 +0000"
    },
    "done": true
  },
  "biomeswevegone:recipes/transportation/aspen_boat": {
    "criteria": {
      "in_water": "2024-08-08 21:04:28 +0000"
    },
    "done": true
  },
  "biomeswevegone:recipes/transportation/skyris_boat": {
    "criteria": {
      "in_water": "2024-08-08 21:04:28 +0000"
    },
    "done": true
  },
  "minecraft:recipes/transportation/acacia_boat": {
    "criteria": {
      "in_water": "2024-08-08 21:04:28 +0000"
    },
    "done": true
  },
  "biomeswevegone:recipes/transportation/fir_boat": {
    "criteria": {
      "in_water": "2024-08-08 21:04:28 +0000"
    },
    "done": true
  },
  "natures_spirit:recipes/transportation/fir_boat": {
    "criteria": {
      "in_water": "2024-08-08 21:04:28 +0000"
    },
    "done": true
  },
  "biomeswevegone:recipes/transportation/redwood_boat": {
    "criteria": {
      "in_water": "2024-08-08 21:04:28 +0000"
    },
    "done": true
  },
  "biomeswevegone:recipes/transportation/white_mangrove_boat": {
    "criteria": {
      "in_water": "2024-08-08 21:04:28 +0000"
    },
    "done": true
  },
  "biomeswevegone:recipes/transportation/cypress_boat": {
    "criteria": {
      "in_water": "2024-08-08 21:04:28 +0000"
    },
    "done": true
  },
  "natures_spirit:recipes/transportation/cypress_boat": {
    "criteria": {
      "in_water": "2024-08-08 21:04:28 +0000"
    },
    "done": true
  },
  "biomeswevegone:recipes/transportation/cika_boat": {
    "criteria": {
      "in_water": "2024-08-08 21:04:28 +0000"
    },
    "done": true
  },
  "biomeswevegone:recipes/transportation/ebony_boat": {
    "criteria": {
      "in_water": "2024-08-08 21:04:28 +0000"
    },
    "done": true
  },
  "minecraft:recipes/transportation/jungle_boat": {
    "criteria": {
      "in_water": "2024-08-08 21:04:28 +0000"
    },
    "done": true
  },
  "natures_spirit:recipes/transportation/redwood_boat": {
    "criteria": {
      "in_water": "2024-08-08 21:04:28 +0000"
    },
    "done": true
  },
  "regions_unexplored:recipes/transportation/blackwood_boat": {
    "criteria": {
      "in_water": "2024-08-08 21:04:28 +0000"
    },
    "done": true
  },
  "biomeswevegone:recipes/transportation/holly_boat": {
    "criteria": {
      "in_water": "2024-08-08 21:04:28 +0000"
    },
    "done": true
  },
  "regions_unexplored:recipes/transportation/pine_boat": {
    "criteria": {
      "in_water": "2024-08-08 21:04:28 +0000"
    },
    "done": true
  },
  "regions_unexplored:recipes/transportation/eucalyptus_boat": {
    "criteria": {
      "in_water": "2024-08-08 21:04:28 +0000"
    },
    "done": true
  },
  "biomeswevegone:recipes/transportation/maple_boat": {
    "criteria": {
      "in_water": "2024-08-08 21:04:28 +0000"
    },
    "done": true
  },
  "natures_spirit:recipes/transportation/saxaul_boat": {
    "criteria": {
      "in_water": "2024-08-08 21:04:28 +0000"
    },
    "done": true
  },
  "biomeswevegone:recipes/transportation/sakura_boat": {
    "criteria": {
      "in_water": "2024-08-08 21:04:28 +0000"
    },
    "done": true
  },
  "natures_spirit:recipes/transportation/aspen_boat": {
    "criteria": {
      "in_water": "2024-08-08 21:04:28 +0000"
    },
    "done": true
  },
  "regions_unexplored:recipes/transportation/palm_boat": {
    "criteria": {
      "in_water": "2024-08-08 21:04:28 +0000"
    },
    "done": true
  },
  "regions_unexplored:recipes/transportation/socotra_boat": {
    "criteria": {
      "in_water": "2024-08-08 21:04:28 +0000"
    },
    "done": true
  },
  "biomeswevegone:recipes/transportation/florus_boat": {
    "criteria": {
      "in_water": "2024-08-08 21:04:28 +0000"
    },
    "done": true
  },
  "natures_spirit:recipes/transportation/coconut_boat": {
    "criteria": {
      "in_water": "2024-08-08 21:04:28 +0000"
    },
    "done": true
  },
  "minecraft:recipes/transportation/spruce_boat": {
    "criteria": {
      "in_water": "2024-08-08 21:04:28 +0000"
    },
    "done": true
  },
  "regions_unexplored:recipes/transportation/oak_boat": {
    "criteria": {
      "has_the_recipe": "2024-08-08 21:04:28 +0000",
      "in_water": "2024-08-08 21:04:28 +0000"
    },
    "done": true
  },
  "minecraft:recipes/transportation/birch_boat": {
    "criteria": {
      "in_water": "2024-08-08 21:04:28 +0000"
    },
    "done": true
  },
  "natures_spirit:recipes/transportation/palo_verde_boat": {
    "criteria": {
      "in_water": "2024-08-08 21:04:28 +0000"
    },
    "done": true
  },
  "regions_unexplored:recipes/transportation/dead_boat": {
    "criteria": {
      "in_water": "2024-08-08 21:04:28 +0000"
    },
    "done": true
  },
  "minecraft:recipes/transportation/oak_boat": {
    "criteria": {
      "in_water": "2024-08-08 21:04:28 +0000"
    },
    "done": true
  },
  "natures_spirit:recipes/transportation/wisteria_boat": {
    "criteria": {
      "in_water": "2024-08-08 21:04:28 +0000"
    },
    "done": true
  },
  "biomeswevegone:recipes/transportation/blue_enchanted_boat": {
    "criteria": {
      "in_water": "2024-08-08 21:04:28 +0000"
    },
    "done": true
  },
  "minecraft:recipes/transportation/mangrove_boat": {
    "criteria": {
      "in_water": "2024-08-08 21:04:28 +0000"
    },
    "done": true
  },
  "biomeswevegone:recipes/transportation/witch_hazel_boat": {
    "criteria": {
      "in_water": "2024-08-08 21:04:28 +0000"
    },
    "done": true
  },
  "biomeswevegone:recipes/transportation/jacaranda_boat": {
    "criteria": {
      "in_water": "2024-08-08 21:04:28 +0000"
    },
    "done": true
  },
  "natures_spirit:recipes/transportation/olive_boat": {
    "criteria": {
      "in_water": "2024-08-08 21:04:28 +0000"
    },
    "done": true
  },
  "regions_unexplored:recipes/transportation/mauve_boat": {
    "criteria": {
      "in_water": "2024-08-08 21:04:28 +0000"
    },
    "done": true
  },
  "regions_unexplored:recipes/transportation/redwood_boat": {
    "criteria": {
      "in_water": "2024-08-08 21:04:28 +0000"
    },
    "done": true
  },
  "biomeswevegone:recipes/transportation/palm_boat": {
    "criteria": {
      "in_water": "2024-08-08 21:04:28 +0000"
    },
    "done": true
  },
  "biomeswevegone:recipes/transportation/zelkova_boat": {
    "criteria": {
      "in_water": "2024-08-08 21:04:28 +0000"
    },
    "done": true
  },
  "biomeswevegone:recipes/transportation/green_enchanted_boat": {
    "criteria": {
      "in_water": "2024-08-08 21:04:28 +0000"
    },
    "done": true
  },
  "regions_unexplored:recipes/transportation/baobab_boat": {
    "criteria": {
      "in_water": "2024-08-08 21:04:28 +0000"
    },
    "done": true
  },
  "biomeswevegone:recipes/transportation/ironwood_boat": {
    "criteria": {
      "in_water": "2024-08-08 21:04:28 +0000"
    },
    "done": true
  },
  "natures_spirit:recipes/transportation/maple_boat": {
    "criteria": {
      "in_water": "2024-08-08 21:04:28 +0000"
    },
    "done": true
  },
  "regions_unexplored:recipes/transportation/willow_boat": {
    "criteria": {
      "in_water": "2024-08-08 21:04:28 +0000"
    },
    "done": true
  },
  "natures_spirit:recipes/transportation/cedar_boat": {
    "criteria": {
      "in_water": "2024-08-08 21:04:28 +0000"
    },
    "done": true
  },
  "natures_spirit:recipes/transportation/larch_boat": {
    "criteria": {
      "in_water": "2024-08-08 21:04:28 +0000"
    },
    "done": true
  },
  "regions_unexplored:recipes/transportation/joshua_boat": {
    "criteria": {
      "in_water": "2024-08-08 21:04:28 +0000"
    },
    "done": true
  },
  "minecraft:recipes/transportation/dark_oak_boat": {
    "criteria": {
      "in_water": "2024-08-08 21:04:28 +0000"
    },
    "done": true
  },
  "minecraft:recipes/misc/charcoal": {
    "criteria": {
      "has_log": "2024-08-08 21:05:46 +0000"
    },
    "done": true
  },
  "regions_unexplored:recipes/decorations/spruce_branch_from_spruce_log": {
    "criteria": {
      "has_log": "2024-08-08 21:05:46 +0000"
    },
    "done": true
  },
  "minecraft:recipes/building_blocks/spruce_wood": {
    "criteria": {
      "has_log": "2024-08-08 21:05:46 +0000"
    },
    "done": true
  },
  "minecraft:recipes/building_blocks/spruce_planks": {
    "criteria": {
      "has_logs": "2024-08-08 21:05:46 +0000"
    },
    "done": true
  },
  "regions_unexplored:recipes/decorations/oak_shrub": {
    "criteria": {
      "has_oak_sapling": "2024-08-08 21:07:13 +0000"
    },
    "done": true
  },
  "minecraft:recipes/misc/red_dye_from_poppy": {
    "criteria": {
      "has_poppy": "2024-08-08 21:07:25 +0000"
    },
    "done": true
  },
  "natures_spirit:adventure/collect_all_flowers": {
    "criteria": {
      "poppy": "2024-08-08 21:07:25 +0000"
    },
    "done": false
  },
  "minecraft:husbandry/root": {
    "criteria": {
      "consumed_item": "2024-08-08 21:08:34 +0000"
    },
    "done": true
  },
  "biomeswevegone:biomeswevegone/husbandry/root": {
    "criteria": {
      "consumed_item": "2024-08-08 21:08:34 +0000"
    },
    "done": true
  },
  "minecraft:husbandry/balanced_diet": {
    "criteria": {
      "bread": "2024-08-08 21:08:34 +0000"
    },
    "done": false
  },
  "regions_unexplored:recipes/transportation/mauve_chest_boat": {
    "criteria": {
      "has_boat": "2024-08-08 21:10:35 +0000"
    },
    "done": true
  },
  "regions_unexplored:recipes/transportation/baobab_chest_boat": {
    "criteria": {
      "has_boat": "2024-08-08 21:10:35 +0000"
    },
    "done": true
  },
  "regions_unexplored:recipes/transportation/blackwood_chest_boat": {
    "criteria": {
      "has_boat": "2024-08-08 21:10:35 +0000"
    },
    "done": true
  },
  "natures_spirit:recipes/transportation/willow_chest_boat": {
    "criteria": {
      "has_boat": "2024-08-08 21:10:35 +0000"
    },
    "done": true
  },
  "biomeswevegone:recipes/transportation/sakura_chest_boat": {
    "criteria": {
      "has_boat": "2024-08-08 21:10:35 +0000"
    },
    "done": true
  },
  "natures_spirit:recipes/transportation/saxaul_chest_boat": {
    "criteria": {
      "has_boat": "2024-08-08 21:10:35 +0000"
    },
    "done": true
  },
  "biomeswevegone:recipes/transportation/palm_chest_boat": {
    "criteria": {
      "has_boat": "2024-08-08 21:10:35 +0000"
    },
    "done": true
  },
  "biomeswevegone:recipes/transportation/pine_chest_boat": {
    "criteria": {
      "has_boat": "2024-08-08 21:10:35 +0000"
    },
    "done": true
  },
  "regions_unexplored:recipes/transportation/larch_chest_boat": {
    "criteria": {
      "has_boat": "2024-08-08 21:10:35 +0000"
    },
    "done": true
  },
  "biomeswevegone:recipes/transportation/jacaranda_chest_boat": {
    "criteria": {
      "has_boat": "2024-08-08 21:10:35 +0000"
    },
    "done": true
  },
  "minecraft:recipes/transportation/spruce_chest_boat": {
    "criteria": {
      "has_boat": "2024-08-08 21:10:35 +0000"
    },
    "done": true
  },
  "biomeswevegone:recipes/transportation/ebony_chest_boat": {
    "criteria": {
      "has_boat": "2024-08-08 21:10:35 +0000"
    },
    "done": true
  },
  "minecraft:recipes/transportation/jungle_chest_boat": {
    "criteria": {
      "has_boat": "2024-08-08 21:10:35 +0000"
    },
    "done": true
  },
  "minecraft:recipes/transportation/mangrove_chest_boat": {
    "criteria": {
      "has_boat": "2024-08-08 21:10:35 +0000"
    },
    "done": true
  },
  "natures_spirit:recipes/transportation/cypress_chest_boat": {
    "criteria": {
      "has_boat": "2024-08-08 21:10:35 +0000"
    },
    "done": true
  },
  "minecraft:recipes/transportation/oak_chest_boat": {
    "criteria": {
      "has_boat": "2024-08-08 21:10:35 +0000"
    },
    "done": true
  },
  "biomeswevegone:recipes/transportation/zelkova_chest_boat": {
    "criteria": {
      "has_boat": "2024-08-08 21:10:35 +0000"
    },
    "done": true
  },
  "natures_spirit:recipes/transportation/ghaf_chest_boat": {
    "criteria": {
      "has_boat": "2024-08-08 21:10:35 +0000"
    },
    "done": true
  },
  "natures_spirit:recipes/transportation/larch_chest_boat": {
    "criteria": {
      "has_boat": "2024-08-08 21:10:35 +0000"
    },
    "done": true
  },
  "biomeswevegone:recipes/transportation/ironwood_chest_boat": {
    "criteria": {
      "has_boat": "2024-08-08 21:10:35 +0000"
    },
    "done": true
  },
  "biomeswevegone:recipes/transportation/green_enchanted_chest_boat": {
    "criteria": {
      "has_boat": "2024-08-08 21:10:35 +0000"
    },
    "done": true
  },
  "deeperdarker:recipes/transportation/echo_chest_boat": {
    "criteria": {
      "has_boat": "2024-08-08 21:10:35 +0000"
    },
    "done": true
  },
  "minecraft:recipes/transportation/bamboo_chest_raft": {
    "criteria": {
      "has_boat": "2024-08-08 21:10:35 +0000"
    },
    "done": true
  },
  "natures_spirit:recipes/transportation/palo_verde_chest_boat": {
    "criteria": {
      "has_boat": "2024-08-08 21:10:35 +0000"
    },
    "done": true
  },
  "biomeswevegone:recipes/transportation/willow_chest_boat": {
    "criteria": {
      "has_boat": "2024-08-08 21:10:35 +0000"
    },
    "done": true
  },
  "regions_unexplored:recipes/transportation/willow_chest_boat": {
    "criteria": {
      "has_boat": "2024-08-08 21:10:35 +0000"
    },
    "done": true
  },
  "regions_unexplored:recipes/transportation/redwood_chest_boat": {
    "criteria": {
      "has_boat": "2024-08-08 21:10:35 +0000"
    },
    "done": true
  },
  "biomeswevegone:recipes/transportation/maple_chest_boat": {
    "criteria": {
      "has_boat": "2024-08-08 21:10:35 +0000"
    },
    "done": true
  },
  "natures_spirit:recipes/transportation/wisteria_chest_boat": {
    "criteria": {
      "has_boat": "2024-08-08 21:10:35 +0000"
    },
    "done": true
  },
  "regions_unexplored:recipes/transportation/kapok_chest_boat": {
    "criteria": {
      "has_boat": "2024-08-08 21:10:35 +0000"
    },
    "done": true
  },
  "natures_spirit:recipes/transportation/maple_chest_boat": {
    "criteria": {
      "has_boat": "2024-08-08 21:10:35 +0000"
    },
    "done": true
  },
  "natures_spirit:recipes/transportation/coconut_chest_boat": {
    "criteria": {
      "has_boat": "2024-08-08 21:10:35 +0000"
    },
    "done": true
  },
  "regions_unexplored:recipes/transportation/magnolia_chest_boat": {
    "criteria": {
      "has_boat": "2024-08-08 21:10:35 +0000"
    },
    "done": true
  },
  "regions_unexplored:recipes/transportation/socotra_chest_boat": {
    "criteria": {
      "has_boat": "2024-08-08 21:10:35 +0000"
    },
    "done": true
  },
  "regions_unexplored:recipes/transportation/pine_chest_boat": {
    "criteria": {
      "has_boat": "2024-08-08 21:10:35 +0000"
    },
    "done": true
  },
  "regions_unexplored:recipes/transportation/palm_chest_boat": {
    "criteria": {
      "has_boat": "2024-08-08 21:10:35 +0000"
    },
    "done": true
  },
  "biomeswevegone:recipes/transportation/cika_chest_boat": {
    "criteria": {
      "has_boat": "2024-08-08 21:10:35 +0000"
    },
    "done": true
  },
  "minecraft:recipes/transportation/acacia_chest_boat": {
    "criteria": {
      "has_boat": "2024-08-08 21:10:35 +0000"
    },
    "done": true
  },
  "biomeswevegone:recipes/transportation/mahogany_chest_boat": {
    "criteria": {
      "has_boat": "2024-08-08 21:10:35 +0000"
    },
    "done": true
  },
  "biomeswevegone:recipes/transportation/florus_chest_boat": {
    "criteria": {
      "has_boat": "2024-08-08 21:10:35 +0000"
    },
    "done": true
  },
  "natures_spirit:recipes/transportation/mahogany_chest_boat": {
    "criteria": {
      "has_boat": "2024-08-08 21:10:35 +0000"
    },
    "done": true
  },
  "regions_unexplored:recipes/transportation/eucalyptus_chest_boat": {
    "criteria": {
      "has_boat": "2024-08-08 21:10:35 +0000"
    },
    "done": true
  },
  "minecraft:recipes/transportation/cherry_chest_boat": {
    "criteria": {
      "has_boat": "2024-08-08 21:10:35 +0000"
    },
    "done": true
  },
  "minecraft:recipes/transportation/birch_chest_boat": {
    "criteria": {
      "has_boat": "2024-08-08 21:10:35 +0000"
    },
    "done": true
  },
  "biomeswevegone:recipes/transportation/baobab_chest_boat": {
    "criteria": {
      "has_boat": "2024-08-08 21:10:35 +0000"
    },
    "done": true
  },
  "regions_unexplored:recipes/transportation/joshua_chest_boat": {
    "criteria": {
      "has_boat": "2024-08-08 21:10:35 +0000"
    },
    "done": true
  },
  "biomeswevegone:recipes/transportation/cypress_chest_boat": {
    "criteria": {
      "has_boat": "2024-08-08 21:10:35 +0000"
    },
    "done": true
  },
  "biomeswevegone:recipes/transportation/blue_enchanted_chest_boat": {
    "criteria": {
      "has_boat": "2024-08-08 21:10:35 +0000"
    },
    "done": true
  },
  "biomeswevegone:recipes/transportation/witch_hazel_chest_boat": {
    "criteria": {
      "has_boat": "2024-08-08 21:10:35 +0000"
    },
    "done": true
  },
  "minecraft:recipes/transportation/dark_oak_chest_boat": {
    "criteria": {
      "has_boat": "2024-08-08 21:10:35 +0000"
    },
    "done": true
  },
  "regions_unexplored:recipes/transportation/cypress_chest_boat": {
    "criteria": {
      "has_boat": "2024-08-08 21:10:35 +0000"
    },
    "done": true
  },
  "biomeswevegone:recipes/transportation/skyris_chest_boat": {
    "criteria": {
      "has_boat": "2024-08-08 21:10:35 +0000"
    },
    "done": true
  },
  "biomeswevegone:recipes/transportation/redwood_chest_boat": {
    "criteria": {
      "has_boat": "2024-08-08 21:10:35 +0000"
    },
    "done": true
  },
  "regions_unexplored:recipes/transportation/dead_chest_boat": {
    "criteria": {
      "has_boat": "2024-08-08 21:10:35 +0000"
    },
    "done": true
  },
  "biomeswevegone:recipes/transportation/white_mangrove_chest_boat": {
    "criteria": {
      "has_boat": "2024-08-08 21:10:35 +0000"
    },
    "done": true
  },
  "natures_spirit:recipes/transportation/sugi_chest_boat": {
    "criteria": {
      "has_boat": "2024-08-08 21:10:35 +0000"
    },
    "done": true
  },
  "regions_unexplored:recipes/transportation/maple_chest_boat": {
    "criteria": {
      "has_boat": "2024-08-08 21:10:35 +0000"
    },
    "done": true
  },
  "natures_spirit:recipes/transportation/cedar_chest_boat": {
    "criteria": {
      "has_boat": "2024-08-08 21:10:35 +0000"
    },
    "done": true
  },
  "biomeswevegone:recipes/transportation/rainbow_eucalyptus_chest_boat": {
    "criteria": {
      "has_boat": "2024-08-08 21:10:35 +0000"
    },
    "done": true
  },
  "natures_spirit:recipes/transportation/olive_chest_boat": {
    "criteria": {
      "has_boat": "2024-08-08 21:10:35 +0000"
    },
    "done": true
  },
  "natures_spirit:recipes/transportation/joshua_chest_boat": {
    "criteria": {
      "has_boat": "2024-08-08 21:10:35 +0000"
    },
    "done": true
  },
  "natures_spirit:recipes/transportation/fir_chest_boat": {
    "criteria": {
      "has_boat": "2024-08-08 21:10:35 +0000"
    },
    "done": true
  },
  "natures_spirit:recipes/transportation/redwood_chest_boat": {
    "criteria": {
      "has_boat": "2024-08-08 21:10:35 +0000"
    },
    "done": true
  },
  "natures_spirit:recipes/transportation/aspen_chest_boat": {
    "criteria": {
      "has_boat": "2024-08-08 21:10:35 +0000"
    },
    "done": true
  },
  "biomeswevegone:recipes/transportation/fir_chest_boat": {
    "criteria": {
      "has_boat": "2024-08-08 21:10:35 +0000"
    },
    "done": true
  },
  "biomeswevegone:recipes/transportation/aspen_chest_boat": {
    "criteria": {
      "has_boat": "2024-08-08 21:10:35 +0000"
    },
    "done": true
  },
  "biomeswevegone:recipes/transportation/holly_chest_boat": {
    "criteria": {
      "has_boat": "2024-08-08 21:10:35 +0000"
    },
    "done": true
  },
  "vanilla_refresh:player/hurt": {
    "criteria": {
      "requirement": "2024-08-08 21:10:49 +0000"
    },
    "done": true
  },
  "biomeswevegone:biomeswevegone/adventure/root": {
    "criteria": {
      "biomeswevegone:temperate_grove": "2024-08-08 21:13:53 +0000"
    },
    "done": true
  },
  "biomeswevegone:biomeswevegone/adventure/oh_the_biomes_weve_gone": {
    "criteria": {
      "biomeswevegone:temperate_grove": "2024-08-08 21:13:53 +0000"
    },
    "done": false
  },
  "vanilla_refresh:biome/ocean": {
    "criteria": {
      "requirement": "2024-08-08 21:23:04 +0000"
    },
    "done": true
  },
  "DataVersion": 3465
}