{
  "biomeswevegone:biomeswevegone/root": {
    "criteria": {
      "tick": "2024-08-08 19:26:06 +0000"
    },
    "done": true
  },
  "minecraft:recipes/decorations/crafting_table": {
    "criteria": {
      "unlock_right_away": "2024-08-08 19:26:06 +0000"
    },
    "done": true
  },
  "vanilla_refresh:player/end_teleport": {
    "criteria": {
      "s3": "2024-08-08 19:26:06 +0000"
    },
    "done": false
  },
  "incendium:technical/new_player": {
    "criteria": {
      "requirement": "2024-08-08 19:26:06 +0000"
    },
    "done": true
  },
  "dungeons_arise:wda_root": {
    "criteria": {
      "WDA": "2024-08-08 19:26:06 +0000"
    },
    "done": true
  },
  "the_bumblezone:root": {
    "criteria": {
      "instant_granted": "2024-08-08 19:26:06 +0000"
    },
    "done": true
  },
  "betterdungeons:root": {
    "criteria": {
      "always": "2024-08-08 19:26:06 +0000"
    },
    "done": true
  },
  "betterdeserttemples:root": {
    "criteria": {
      "always": "2024-08-08 19:26:06 +0000"
    },
    "done": true
  },
  "the_bumblezone:wiki": {
    "criteria": {
      "instant_granted": "2024-08-08 19:26:06 +0000"
    },
    "done": true
  },
  "vanilla_refresh:player/tick": {
    "criteria": {
      "s": "2024-08-08 19:26:06 +0000"
    },
    "done": true
  },
  "incendium:technical/using/shield": {
    "criteria": {
      "log_spam_fixer": "2024-08-08 19:26:07 +0000"
    },
    "done": false
  },
  "regions_unexplored:parent": {
    "criteria": {
      "load_in_world": "2024-08-08 19:26:07 +0000"
    },
    "done": true
  },
  "incendium:technical/scroll_of_returning": {
    "criteria": {
      "log_spam_fixer": "2024-08-08 19:26:07 +0000"
    },
    "done": false
  },
  "incendium:technical/using/ragnarok": {
    "criteria": {
      "log_spam_fixer": "2024-08-08 19:26:07 +0000"
    },
    "done": false
  },
  "incendium:technical/using/trailblazer": {
    "criteria": {
      "log_spam_fixer": "2024-08-08 19:26:07 +0000"
    },
    "done": false
  },
  "minecraft:adventure/adventuring_time": {
    "criteria": {
      "minecraft:old_growth_pine_taiga": "2024-08-08 20:56:17 +0000",
      "minecraft:taiga": "2024-08-08 20:56:10 +0000",
      "minecraft:dark_forest": "2024-08-08 19:26:07 +0000",
      "minecraft:cold_ocean": "2024-08-08 21:24:38 +0000",
      "minecraft:deep_cold_ocean": "2024-08-08 21:25:54 +0000",
      "minecraft:old_growth_birch_forest": "2024-08-08 21:22:27 +0000",
      "minecraft:river": "2024-08-08 19:27:32 +0000",
      "natures_spirit:aspen_forest": "2024-08-08 21:33:38 +0000",
      "minecraft:ocean": "2024-08-08 21:23:03 +0000",
      "minecraft:old_growth_spruce_taiga": "2024-08-08 19:28:08 +0000"
    },
    "done": false
  },
  "vanilla_refresh:biome/dark_forest": {
    "criteria": {
      "requirement": "2024-08-08 19:26:16 +0000"
    },
    "done": true
  },
  "minecraft:recipes/decorations/ladder": {
    "criteria": {
      "has_stick": "2024-08-08 19:27:14 +0000"
    },
    "done": true
  },
  "another_furniture:recipes/oak_drawer": {
    "criteria": {
      "has_planks": "2024-08-08 19:27:14 +0000"
    },
    "done": true
  },
  "create:root": {
    "criteria": {
      "0": "2024-08-08 19:27:14 +0000"
    },
    "done": true
  },
  "minecraft:recipes/tools/wooden_axe": {
    "criteria": {
      "has_stick": "2024-08-08 19:27:14 +0000"
    },
    "done": true
  },
  "another_furniture:recipes/dark_oak_drawer": {
    "criteria": {
      "has_planks": "2024-08-08 19:27:14 +0000"
    },
    "done": true
  },
  "another_furniture:recipes/acacia_drawer": {
    "criteria": {
      "has_planks": "2024-08-08 19:27:14 +0000"
    },
    "done": true
  },
  "another_furniture:recipes/spruce_drawer": {
    "criteria": {
      "has_planks": "2024-08-08 19:27:14 +0000"
    },
    "done": true
  },
  "minecraft:recipes/decorations/campfire": {
    "criteria": {
      "has_stick": "2024-08-08 19:27:14 +0000"
    },
    "done": true
  },
  "minecraft:recipes/tools/wooden_hoe": {
    "criteria": {
      "has_stick": "2024-08-08 19:27:14 +0000"
    },
    "done": true
  },
  "niftycarts:recipes/supply_cart": {
    "criteria": {
      "has_wheel": "2024-08-08 19:27:14 +0000"
    },
    "done": true
  },
  "niftycarts:recipes/plow": {
    "criteria": {
      "has_wheel": "2024-08-08 19:27:14 +0000"
    },
    "done": true
  },
  "minecraft:recipes/tools/wooden_shovel": {
    "criteria": {
      "has_stick": "2024-08-08 19:27:14 +0000"
    },
    "done": true
  },
  "another_furniture:recipes/cherry_drawer": {
    "criteria": {
      "has_planks": "2024-08-08 19:27:14 +0000"
    },
    "done": true
  },
  "another_furniture:recipes/bamboo_drawer": {
    "criteria": {
      "has_planks": "2024-08-08 19:27:14 +0000"
    },
    "done": true
  },
  "minecraft:recipes/combat/wooden_sword": {
    "criteria": {
      "has_stick": "2024-08-08 19:27:14 +0000"
    },
    "done": true
  },
  "another_furniture:recipes/warped_drawer": {
    "criteria": {
      "has_planks": "2024-08-08 19:27:14 +0000"
    },
    "done": true
  },
  "sawmill:recipes/sawmill": {
    "criteria": {
      "has_sticks": "2024-08-08 19:27:14 +0000"
    },
    "done": true
  },
  "another_furniture:recipes/jungle_drawer": {
    "criteria": {
      "has_planks": "2024-08-08 19:27:14 +0000"
    },
    "done": true
  },
  "another_furniture:recipes/crimson_drawer": {
    "criteria": {
      "has_planks": "2024-08-08 19:27:14 +0000"
    },
    "done": true
  },
  "minecraft:recipes/tools/wooden_pickaxe": {
    "criteria": {
      "has_stick": "2024-08-08 19:27:14 +0000"
    },
    "done": true
  },
  "another_furniture:recipes/mangrove_drawer": {
    "criteria": {
      "has_planks": "2024-08-08 19:27:14 +0000"
    },
    "done": true
  },
  "another_furniture:recipes/furniture_hammer": {
    "criteria": {
      "has_stick": "2024-08-08 19:27:14 +0000"
    },
    "done": true
  },
  "another_furniture:recipes/birch_drawer": {
    "criteria": {
      "has_planks": "2024-08-08 19:27:14 +0000"
    },
    "done": true
  },
  "niftycarts:recipes/animal_cart": {
    "criteria": {
      "has_wheel": "2024-08-08 19:27:14 +0000"
    },
    "done": true
  },
  "regions_unexplored:recipes/transportation/maple_boat": {
    "criteria": {
      "in_water": "2024-08-08 19:27:29 +0000"
    },
    "done": true
  },
  "deeperdarker:recipes/transportation/echo_boat": {
    "criteria": {
      "in_water": "2024-08-08 19:27:29 +0000"
    },
    "done": true
  },
  "biomeswevegone:recipes/transportation/willow_boat": {
    "criteria": {
      "in_water": "2024-08-08 19:27:29 +0000"
    },
    "done": true
  },
  "natures_spirit:recipes/transportation/mahogany_boat": {
    "criteria": {
      "in_water": "2024-08-08 19:27:29 +0000"
    },
    "done": true
  },
  "regions_unexplored:recipes/transportation/magnolia_boat": {
    "criteria": {
      "in_water": "2024-08-08 19:27:29 +0000"
    },
    "done": true
  },
  "biomeswevegone:recipes/transportation/pine_boat": {
    "criteria": {
      "in_water": "2024-08-08 19:27:29 +0000"
    },
    "done": true
  },
  "minecraft:recipes/transportation/cherry_boat": {
    "criteria": {
      "in_water": "2024-08-08 19:27:29 +0000"
    },
    "done": true
  },
  "minecraft:recipes/transportation/bamboo_raft": {
    "criteria": {
      "in_water": "2024-08-08 19:27:29 +0000"
    },
    "done": true
  },
  "regions_unexplored:recipes/transportation/kapok_boat": {
    "criteria": {
      "in_water": "2024-08-08 19:27:29 +0000"
    },
    "done": true
  },
  "regions_unexplored:recipes/transportation/cypress_boat": {
    "criteria": {
      "in_water": "2024-08-08 19:27:29 +0000"
    },
    "done": true
  },
  "biomeswevegone:recipes/transportation/rainbow_eucalyptus_boat": {
    "criteria": {
      "in_water": "2024-08-08 19:27:29 +0000"
    },
    "done": true
  },
  "natures_spirit:recipes/transportation/sugi_boat": {
    "criteria": {
      "in_water": "2024-08-08 19:27:29 +0000"
    },
    "done": true
  },
  "natures_spirit:recipes/transportation/joshua_boat": {
    "criteria": {
      "in_water": "2024-08-08 19:27:29 +0000"
    },
    "done": true
  },
  "regions_unexplored:recipes/transportation/larch_boat": {
    "criteria": {
      "in_water": "2024-08-08 19:27:29 +0000"
    },
    "done": true
  },
  "natures_spirit:recipes/transportation/ghaf_boat": {
    "criteria": {
      "in_water": "2024-08-08 19:27:29 +0000"
    },
    "done": true
  },
  "natures_spirit:recipes/transportation/willow_boat": {
    "criteria": {
      "in_water": "2024-08-08 19:27:29 +0000"
    },
    "done": true
  },
  "biomeswevegone:recipes/transportation/mahogany_boat": {
    "criteria": {
      "in_water": "2024-08-08 19:27:29 +0000"
    },
    "done": true
  },
  "biomeswevegone:recipes/transportation/baobab_boat": {
    "criteria": {
      "in_water": "2024-08-08 19:27:29 +0000"
    },
    "done": true
  },
  "biomeswevegone:recipes/transportation/aspen_boat": {
    "criteria": {
      "in_water": "2024-08-08 19:27:29 +0000"
    },
    "done": true
  },
  "biomeswevegone:recipes/transportation/skyris_boat": {
    "criteria": {
      "in_water": "2024-08-08 19:27:29 +0000"
    },
    "done": true
  },
  "minecraft:recipes/transportation/acacia_boat": {
    "criteria": {
      "in_water": "2024-08-08 19:27:29 +0000"
    },
    "done": true
  },
  "biomeswevegone:recipes/transportation/fir_boat": {
    "criteria": {
      "in_water": "2024-08-08 19:27:29 +0000"
    },
    "done": true
  },
  "natures_spirit:recipes/transportation/fir_boat": {
    "criteria": {
      "in_water": "2024-08-08 19:27:29 +0000"
    },
    "done": true
  },
  "biomeswevegone:recipes/transportation/redwood_boat": {
    "criteria": {
      "in_water": "2024-08-08 19:27:29 +0000"
    },
    "done": true
  },
  "biomeswevegone:recipes/transportation/white_mangrove_boat": {
    "criteria": {
      "in_water": "2024-08-08 19:27:29 +0000"
    },
    "done": true
  },
  "biomeswevegone:recipes/transportation/cypress_boat": {
    "criteria": {
      "in_water": "2024-08-08 19:27:29 +0000"
    },
    "done": true
  },
  "natures_spirit:recipes/transportation/cypress_boat": {
    "criteria": {
      "in_water": "2024-08-08 19:27:29 +0000"
    },
    "done": true
  },
  "biomeswevegone:recipes/transportation/cika_boat": {
    "criteria": {
      "in_water": "2024-08-08 19:27:29 +0000"
    },
    "done": true
  },
  "biomeswevegone:recipes/transportation/ebony_boat": {
    "criteria": {
      "in_water": "2024-08-08 19:27:29 +0000"
    },
    "done": true
  },
  "minecraft:recipes/transportation/jungle_boat": {
    "criteria": {
      "in_water": "2024-08-08 19:27:29 +0000"
    },
    "done": true
  },
  "natures_spirit:recipes/transportation/redwood_boat": {
    "criteria": {
      "in_water": "2024-08-08 19:27:29 +0000"
    },
    "done": true
  },
  "regions_unexplored:recipes/transportation/blackwood_boat": {
    "criteria": {
      "in_water": "2024-08-08 19:27:29 +0000"
    },
    "done": true
  },
  "biomeswevegone:recipes/transportation/holly_boat": {
    "criteria": {
      "in_water": "2024-08-08 19:27:29 +0000"
    },
    "done": true
  },
  "regions_unexplored:recipes/transportation/pine_boat": {
    "criteria": {
      "in_water": "2024-08-08 19:27:29 +0000"
    },
    "done": true
  },
  "regions_unexplored:recipes/transportation/eucalyptus_boat": {
    "criteria": {
      "in_water": "2024-08-08 19:27:29 +0000"
    },
    "done": true
  },
  "biomeswevegone:recipes/transportation/maple_boat": {
    "criteria": {
      "in_water": "2024-08-08 19:27:29 +0000"
    },
    "done": true
  },
  "natures_spirit:recipes/transportation/saxaul_boat": {
    "criteria": {
      "in_water": "2024-08-08 19:27:29 +0000"
    },
    "done": true
  },
  "biomeswevegone:recipes/transportation/sakura_boat": {
    "criteria": {
      "in_water": "2024-08-08 19:27:29 +0000"
    },
    "done": true
  },
  "natures_spirit:recipes/transportation/aspen_boat": {
    "criteria": {
      "in_water": "2024-08-08 19:27:29 +0000"
    },
    "done": true
  },
  "regions_unexplored:recipes/transportation/palm_boat": {
    "criteria": {
      "in_water": "2024-08-08 19:27:29 +0000"
    },
    "done": true
  },
  "regions_unexplored:recipes/transportation/socotra_boat": {
    "criteria": {
      "in_water": "2024-08-08 19:27:29 +0000"
    },
    "done": true
  },
  "biomeswevegone:recipes/transportation/florus_boat": {
    "criteria": {
      "in_water": "2024-08-08 19:27:29 +0000"
    },
    "done": true
  },
  "natures_spirit:recipes/transportation/coconut_boat": {
    "criteria": {
      "in_water": "2024-08-08 19:27:29 +0000"
    },
    "done": true
  },
  "minecraft:recipes/transportation/spruce_boat": {
    "criteria": {
      "in_water": "2024-08-08 19:27:29 +0000"
    },
    "done": true
  },
  "regions_unexplored:recipes/transportation/oak_boat": {
    "criteria": {
      "has_the_recipe": "2024-08-08 19:27:29 +0000",
      "in_water": "2024-08-08 19:27:29 +0000"
    },
    "done": true
  },
  "minecraft:recipes/transportation/birch_boat": {
    "criteria": {
      "in_water": "2024-08-08 19:27:29 +0000"
    },
    "done": true
  },
  "natures_spirit:recipes/transportation/palo_verde_boat": {
    "criteria": {
      "in_water": "2024-08-08 19:27:29 +0000"
    },
    "done": true
  },
  "regions_unexplored:recipes/transportation/dead_boat": {
    "criteria": {
      "in_water": "2024-08-08 19:27:29 +0000"
    },
    "done": true
  },
  "minecraft:recipes/transportation/oak_boat": {
    "criteria": {
      "in_water": "2024-08-08 19:27:29 +0000"
    },
    "done": true
  },
  "natures_spirit:recipes/transportation/wisteria_boat": {
    "criteria": {
      "in_water": "2024-08-08 19:27:29 +0000"
    },
    "done": true
  },
  "biomeswevegone:recipes/transportation/blue_enchanted_boat": {
    "criteria": {
      "in_water": "2024-08-08 19:27:29 +0000"
    },
    "done": true
  },
  "minecraft:recipes/transportation/mangrove_boat": {
    "criteria": {
      "in_water": "2024-08-08 19:27:29 +0000"
    },
    "done": true
  },
  "biomeswevegone:recipes/transportation/witch_hazel_boat": {
    "criteria": {
      "in_water": "2024-08-08 19:27:29 +0000"
    },
    "done": true
  },
  "biomeswevegone:recipes/transportation/jacaranda_boat": {
    "criteria": {
      "in_water": "2024-08-08 19:27:29 +0000"
    },
    "done": true
  },
  "natures_spirit:recipes/transportation/olive_boat": {
    "criteria": {
      "in_water": "2024-08-08 19:27:29 +0000"
    },
    "done": true
  },
  "regions_unexplored:recipes/transportation/mauve_boat": {
    "criteria": {
      "in_water": "2024-08-08 19:27:29 +0000"
    },
    "done": true
  },
  "regions_unexplored:recipes/transportation/redwood_boat": {
    "criteria": {
      "in_water": "2024-08-08 19:27:29 +0000"
    },
    "done": true
  },
  "biomeswevegone:recipes/transportation/palm_boat": {
    "criteria": {
      "in_water": "2024-08-08 19:27:29 +0000"
    },
    "done": true
  },
  "biomeswevegone:recipes/transportation/zelkova_boat": {
    "criteria": {
      "in_water": "2024-08-08 19:27:29 +0000"
    },
    "done": true
  },
  "biomeswevegone:recipes/transportation/green_enchanted_boat": {
    "criteria": {
      "in_water": "2024-08-08 19:27:29 +0000"
    },
    "done": true
  },
  "regions_unexplored:recipes/transportation/baobab_boat": {
    "criteria": {
      "in_water": "2024-08-08 19:27:29 +0000"
    },
    "done": true
  },
  "biomeswevegone:recipes/transportation/ironwood_boat": {
    "criteria": {
      "in_water": "2024-08-08 19:27:29 +0000"
    },
    "done": true
  },
  "natures_spirit:recipes/transportation/maple_boat": {
    "criteria": {
      "in_water": "2024-08-08 19:27:29 +0000"
    },
    "done": true
  },
  "regions_unexplored:recipes/transportation/willow_boat": {
    "criteria": {
      "in_water": "2024-08-08 19:27:29 +0000"
    },
    "done": true
  },
  "natures_spirit:recipes/transportation/cedar_boat": {
    "criteria": {
      "in_water": "2024-08-08 19:27:29 +0000"
    },
    "done": true
  },
  "natures_spirit:recipes/transportation/larch_boat": {
    "criteria": {
      "in_water": "2024-08-08 19:27:29 +0000"
    },
    "done": true
  },
  "regions_unexplored:recipes/transportation/joshua_boat": {
    "criteria": {
      "in_water": "2024-08-08 19:27:29 +0000"
    },
    "done": true
  },
  "minecraft:recipes/transportation/dark_oak_boat": {
    "criteria": {
      "in_water": "2024-08-08 19:27:29 +0000"
    },
    "done": true
  },
  "vanilla_refresh:biome/old_growth_taiga": {
    "criteria": {
      "requirement": "2024-08-08 19:28:09 +0000"
    },
    "done": true
  },
  "minecraft:adventure/sleep_in_bed": {
    "criteria": {
      "slept_in_bed": "2024-08-08 20:21:12 +0000"
    },
    "done": true
  },
  "vanilla_refresh:has/ladder": {
    "criteria": {
      "requirement": "2024-08-08 20:36:28 +0000"
    },
    "done": true
  },
  "create:recipes/misc/crafting/appliances/crafting_blueprint": {
    "criteria": {
      "has_item": "2024-08-08 20:36:55 +0000"
    },
    "done": true
  },
  "travelersbackpack:recipes/misc/crafting_upgrade": {
    "criteria": {
      "has_crafting_table": "2024-08-08 20:36:55 +0000"
    },
    "done": true
  },
  "aquamirae:adventure/root": {
    "criteria": {
      "crafting_table": "2024-08-08 20:36:55 +0000"
    },
    "done": true
  },
  "minecraft:story/root": {
    "criteria": {
      "crafting_table": "2024-08-08 20:36:55 +0000"
    },
    "done": true
  },
  "minecraft:husbandry/root": {
    "criteria": {
      "consumed_item": "2024-08-08 20:37:42 +0000"
    },
    "done": true
  },
  "biomeswevegone:biomeswevegone/husbandry/root": {
    "criteria": {
      "consumed_item": "2024-08-08 20:37:42 +0000"
    },
    "done": true
  },
  "minecraft:husbandry/balanced_diet": {
    "criteria": {
      "potato": "2024-08-08 21:34:13 +0000",
      "bread": "2024-08-08 20:37:42 +0000",
      "cooked_salmon": "2024-08-08 21:36:39 +0000"
    },
    "done": false
  },
  "minecraft:adventure/root": {
    "criteria": {
      "killed_by_something": "2024-08-08 20:48:36 +0000"
    },
    "done": true
  },
  "vanilla_refresh:biome/taiga": {
    "criteria": {
      "requirement": "2024-08-08 20:56:10 +0000"
    },
    "done": true
  },
  "minecraft:recipes/misc/charcoal": {
    "criteria": {
      "has_log": "2024-08-08 21:05:34 +0000"
    },
    "done": true
  },
  "regions_unexplored:recipes/decorations/spruce_branch_from_spruce_log": {
    "criteria": {
      "has_log": "2024-08-08 21:05:34 +0000"
    },
    "done": true
  },
  "minecraft:recipes/building_blocks/spruce_wood": {
    "criteria": {
      "has_log": "2024-08-08 21:05:34 +0000"
    },
    "done": true
  },
  "minecraft:recipes/building_blocks/spruce_planks": {
    "criteria": {
      "has_logs": "2024-08-08 21:05:34 +0000"
    },
    "done": true
  },
  "minecraft:recipes/misc/stick": {
    "criteria": {
      "has_the_recipe": "2024-08-08 21:05:53 +0000"
    },
    "done": true
  },
  "minecraft:story/mine_stone": {
    "criteria": {
      "get_stone": "2024-08-08 21:06:30 +0000"
    },
    "done": true
  },
  "minecraft:recipes/decorations/furnace": {
    "criteria": {
      "has_cobblestone": "2024-08-08 21:06:30 +0000"
    },
    "done": true
  },
  "biomeswevegone:recipes/building_blocks/rocky_stone": {
    "criteria": {
      "has_cobblestone": "2024-08-08 21:06:30 +0000"
    },
    "done": true
  },
  "minecraft:recipes/building_blocks/cobblestone_slab_from_cobblestone_stonecutting": {
    "criteria": {
      "has_cobblestone": "2024-08-08 21:06:30 +0000"
    },
    "done": true
  },
  "minecraft:recipes/building_blocks/stone": {
    "criteria": {
      "has_cobblestone": "2024-08-08 21:06:30 +0000"
    },
    "done": true
  },
  "minecraft:recipes/tools/stone_pickaxe": {
    "criteria": {
      "has_cobblestone": "2024-08-08 21:06:30 +0000"
    },
    "done": true
  },
  "minecraft:recipes/building_blocks/cobblestone_slab": {
    "criteria": {
      "has_cobblestone": "2024-08-08 21:06:30 +0000"
    },
    "done": true
  },
  "minecraft:recipes/decorations/cobblestone_wall_from_cobblestone_stonecutting": {
    "criteria": {
      "has_cobblestone": "2024-08-08 21:06:30 +0000"
    },
    "done": true
  },
  "minecraft:recipes/building_blocks/cobblestone_stairs": {
    "criteria": {
      "has_cobblestone": "2024-08-08 21:06:30 +0000"
    },
    "done": true
  },
  "minecraft:recipes/tools/stone_shovel": {
    "criteria": {
      "has_cobblestone": "2024-08-08 21:06:30 +0000"
    },
    "done": true
  },
  "minecraft:recipes/redstone/lever": {
    "criteria": {
      "has_cobblestone": "2024-08-08 21:06:30 +0000"
    },
    "done": true
  },
  "minecraft:recipes/combat/stone_sword": {
    "criteria": {
      "has_cobblestone": "2024-08-08 21:06:30 +0000"
    },
    "done": true
  },
  "minecraft:recipes/decorations/cobblestone_wall": {
    "criteria": {
      "has_cobblestone": "2024-08-08 21:06:30 +0000"
    },
    "done": true
  },
  "minecraft:recipes/tools/stone_axe": {
    "criteria": {
      "has_cobblestone": "2024-08-08 21:06:30 +0000"
    },
    "done": true
  },
  "minecraft:recipes/building_blocks/cobblestone_stairs_from_cobblestone_stonecutting": {
    "criteria": {
      "has_cobblestone": "2024-08-08 21:06:30 +0000"
    },
    "done": true
  },
  "minecraft:recipes/tools/stone_hoe": {
    "criteria": {
      "has_cobblestone": "2024-08-08 21:06:30 +0000"
    },
    "done": true
  },
  "regions_unexplored:recipes/decorations/oak_branch_from_oak_log": {
    "criteria": {
      "has_log": "2024-08-08 21:07:21 +0000"
    },
    "done": true
  },
  "minecraft:recipes/building_blocks/oak_planks": {
    "criteria": {
      "has_logs": "2024-08-08 21:07:21 +0000"
    },
    "done": true
  },
  "minecraft:recipes/building_blocks/oak_wood": {
    "criteria": {
      "has_log": "2024-08-08 21:07:21 +0000"
    },
    "done": true
  },
  "regions_unexplored:recipes/building_blocks/lime_painted_planks": {
    "criteria": {
      "has_planks": "2024-08-08 21:07:43 +0000"
    },
    "done": true
  },
  "minecraft:recipes/decorations/oak_sign": {
    "criteria": {
      "has_planks": "2024-08-08 21:07:43 +0000"
    },
    "done": true
  },
  "another_furniture:recipes/oak_chair": {
    "criteria": {
      "has_planks": "2024-08-08 21:07:43 +0000"
    },
    "done": true
  },
  "regions_unexplored:recipes/building_blocks/brown_painted_planks": {
    "criteria": {
      "has_planks": "2024-08-08 21:07:43 +0000"
    },
    "done": true
  },
  "regions_unexplored:recipes/building_blocks/black_painted_planks": {
    "criteria": {
      "has_planks": "2024-08-08 21:07:43 +0000"
    },
    "done": true
  },
  "regions_unexplored:recipes/building_blocks/cyan_painted_planks": {
    "criteria": {
      "has_planks": "2024-08-08 21:07:43 +0000"
    },
    "done": true
  },
  "minecraft:recipes/building_blocks/oak_slab": {
    "criteria": {
      "has_planks": "2024-08-08 21:07:43 +0000"
    },
    "done": true
  },
  "minecraft:recipes/redstone/oak_fence_gate": {
    "criteria": {
      "has_planks": "2024-08-08 21:07:43 +0000"
    },
    "done": true
  },
  "regions_unexplored:recipes/building_blocks/blue_painted_planks": {
    "criteria": {
      "has_planks": "2024-08-08 21:07:43 +0000"
    },
    "done": true
  },
  "minecraft:recipes/redstone/oak_door": {
    "criteria": {
      "has_planks": "2024-08-08 21:07:43 +0000"
    },
    "done": true
  },
  "minecraft:recipes/decorations/barrel": {
    "criteria": {
      "has_planks": "2024-08-08 21:07:43 +0000"
    },
    "done": true
  },
  "regions_unexplored:recipes/building_blocks/orange_painted_planks": {
    "criteria": {
      "has_planks": "2024-08-08 21:07:43 +0000"
    },
    "done": true
  },
  "niftycarts:recipes/wheel": {
    "criteria": {
      "has_planks": "2024-08-08 21:07:43 +0000"
    },
    "done": true
  },
  "regions_unexplored:recipes/building_blocks/gray_painted_planks": {
    "criteria": {
      "has_planks": "2024-08-08 21:07:43 +0000"
    },
    "done": true
  },
  "regions_unexplored:recipes/building_blocks/red_painted_planks": {
    "criteria": {
      "has_planks": "2024-08-08 21:07:43 +0000"
    },
    "done": true
  },
  "minecraft:recipes/redstone/oak_trapdoor": {
    "criteria": {
      "has_planks": "2024-08-08 21:07:43 +0000"
    },
    "done": true
  },
  "regions_unexplored:recipes/building_blocks/green_painted_planks": {
    "criteria": {
      "has_planks": "2024-08-08 21:07:43 +0000"
    },
    "done": true
  },
  "regions_unexplored:recipes/building_blocks/white_painted_planks": {
    "criteria": {
      "has_planks": "2024-08-08 21:07:43 +0000"
    },
    "done": true
  },
  "regions_unexplored:recipes/building_blocks/light_gray_painted_planks": {
    "criteria": {
      "has_planks": "2024-08-08 21:07:43 +0000"
    },
    "done": true
  },
  "minecraft:recipes/building_blocks/oak_stairs": {
    "criteria": {
      "has_planks": "2024-08-08 21:07:43 +0000"
    },
    "done": true
  },
  "minecraft:recipes/decorations/oak_fence": {
    "criteria": {
      "has_planks": "2024-08-08 21:07:43 +0000"
    },
    "done": true
  },
  "regions_unexplored:recipes/building_blocks/light_blue_painted_planks": {
    "criteria": {
      "has_planks": "2024-08-08 21:07:43 +0000"
    },
    "done": true
  },
  "regions_unexplored:recipes/building_blocks/yellow_painted_planks": {
    "criteria": {
      "has_planks": "2024-08-08 21:07:43 +0000"
    },
    "done": true
  },
  "regions_unexplored:recipes/building_blocks/purple_painted_planks": {
    "criteria": {
      "has_planks": "2024-08-08 21:07:43 +0000"
    },
    "done": true
  },
  "minecraft:recipes/redstone/oak_button": {
    "criteria": {
      "has_planks": "2024-08-08 21:07:43 +0000"
    },
    "done": true
  },
  "regions_unexplored:recipes/building_blocks/pink_painted_planks": {
    "criteria": {
      "has_planks": "2024-08-08 21:07:43 +0000"
    },
    "done": true
  },
  "another_furniture:recipes/oak_shelf": {
    "criteria": {
      "has_planks": "2024-08-08 21:07:43 +0000"
    },
    "done": true
  },
  "regions_unexplored:recipes/building_blocks/magenta_painted_planks": {
    "criteria": {
      "has_planks": "2024-08-08 21:07:43 +0000"
    },
    "done": true
  },
  "minecraft:recipes/redstone/oak_pressure_plate": {
    "criteria": {
      "has_planks": "2024-08-08 21:07:43 +0000"
    },
    "done": true
  },
  "another_furniture:recipes/oak_table": {
    "criteria": {
      "has_planks": "2024-08-08 21:07:43 +0000"
    },
    "done": true
  },
  "create:recipes/building_blocks/oak_window": {
    "criteria": {
      "has_ingredient": "2024-08-08 21:07:43 +0000"
    },
    "done": true
  },
  "minecraft:recipes/decorations/torch": {
    "criteria": {
      "has_stone_pickaxe": "2024-08-08 21:07:52 +0000"
    },
    "done": true
  },
  "minecraft:story/upgrade_tools": {
    "criteria": {
      "stone_pickaxe": "2024-08-08 21:07:52 +0000"
    },
    "done": true
  },
  "minecraft:recipes/misc/red_dye_from_poppy": {
    "criteria": {
      "has_poppy": "2024-08-08 21:07:58 +0000"
    },
    "done": true
  },
  "natures_spirit:adventure/collect_all_flowers": {
    "criteria": {
      "poppy": "2024-08-08 21:07:58 +0000"
    },
    "done": false
  },
  "minecraft:recipes/decorations/chest": {
    "criteria": {
      "has_lots_of_items": "2024-08-08 21:08:03 +0000"
    },
    "done": true
  },
  "regions_unexplored:recipes/transportation/mauve_chest_boat": {
    "criteria": {
      "has_boat": "2024-08-08 21:09:07 +0000"
    },
    "done": true
  },
  "regions_unexplored:recipes/transportation/baobab_chest_boat": {
    "criteria": {
      "has_boat": "2024-08-08 21:09:07 +0000"
    },
    "done": true
  },
  "regions_unexplored:recipes/transportation/blackwood_chest_boat": {
    "criteria": {
      "has_boat": "2024-08-08 21:09:07 +0000"
    },
    "done": true
  },
  "natures_spirit:recipes/transportation/willow_chest_boat": {
    "criteria": {
      "has_boat": "2024-08-08 21:09:07 +0000"
    },
    "done": true
  },
  "biomeswevegone:recipes/transportation/sakura_chest_boat": {
    "criteria": {
      "has_boat": "2024-08-08 21:09:07 +0000"
    },
    "done": true
  },
  "natures_spirit:recipes/transportation/saxaul_chest_boat": {
    "criteria": {
      "has_boat": "2024-08-08 21:09:07 +0000"
    },
    "done": true
  },
  "biomeswevegone:recipes/transportation/palm_chest_boat": {
    "criteria": {
      "has_boat": "2024-08-08 21:09:07 +0000"
    },
    "done": true
  },
  "biomeswevegone:recipes/transportation/pine_chest_boat": {
    "criteria": {
      "has_boat": "2024-08-08 21:09:07 +0000"
    },
    "done": true
  },
  "regions_unexplored:recipes/transportation/larch_chest_boat": {
    "criteria": {
      "has_boat": "2024-08-08 21:09:07 +0000"
    },
    "done": true
  },
  "biomeswevegone:recipes/transportation/jacaranda_chest_boat": {
    "criteria": {
      "has_boat": "2024-08-08 21:09:07 +0000"
    },
    "done": true
  },
  "minecraft:recipes/transportation/spruce_chest_boat": {
    "criteria": {
      "has_boat": "2024-08-08 21:09:07 +0000"
    },
    "done": true
  },
  "biomeswevegone:recipes/transportation/ebony_chest_boat": {
    "criteria": {
      "has_boat": "2024-08-08 21:09:07 +0000"
    },
    "done": true
  },
  "minecraft:recipes/transportation/jungle_chest_boat": {
    "criteria": {
      "has_boat": "2024-08-08 21:09:07 +0000"
    },
    "done": true
  },
  "minecraft:recipes/transportation/mangrove_chest_boat": {
    "criteria": {
      "has_boat": "2024-08-08 21:09:07 +0000"
    },
    "done": true
  },
  "natures_spirit:recipes/transportation/cypress_chest_boat": {
    "criteria": {
      "has_boat": "2024-08-08 21:09:07 +0000"
    },
    "done": true
  },
  "minecraft:recipes/transportation/oak_chest_boat": {
    "criteria": {
      "has_boat": "2024-08-08 21:09:07 +0000"
    },
    "done": true
  },
  "biomeswevegone:recipes/transportation/zelkova_chest_boat": {
    "criteria": {
      "has_boat": "2024-08-08 21:09:07 +0000"
    },
    "done": true
  },
  "natures_spirit:recipes/transportation/ghaf_chest_boat": {
    "criteria": {
      "has_boat": "2024-08-08 21:09:07 +0000"
    },
    "done": true
  },
  "natures_spirit:recipes/transportation/larch_chest_boat": {
    "criteria": {
      "has_boat": "2024-08-08 21:09:07 +0000"
    },
    "done": true
  },
  "biomeswevegone:recipes/transportation/ironwood_chest_boat": {
    "criteria": {
      "has_boat": "2024-08-08 21:09:07 +0000"
    },
    "done": true
  },
  "biomeswevegone:recipes/transportation/green_enchanted_chest_boat": {
    "criteria": {
      "has_boat": "2024-08-08 21:09:07 +0000"
    },
    "done": true
  },
  "deeperdarker:recipes/transportation/echo_chest_boat": {
    "criteria": {
      "has_boat": "2024-08-08 21:09:07 +0000"
    },
    "done": true
  },
  "minecraft:recipes/transportation/bamboo_chest_raft": {
    "criteria": {
      "has_boat": "2024-08-08 21:09:07 +0000"
    },
    "done": true
  },
  "natures_spirit:recipes/transportation/palo_verde_chest_boat": {
    "criteria": {
      "has_boat": "2024-08-08 21:09:07 +0000"
    },
    "done": true
  },
  "biomeswevegone:recipes/transportation/willow_chest_boat": {
    "criteria": {
      "has_boat": "2024-08-08 21:09:07 +0000"
    },
    "done": true
  },
  "regions_unexplored:recipes/transportation/willow_chest_boat": {
    "criteria": {
      "has_boat": "2024-08-08 21:09:07 +0000"
    },
    "done": true
  },
  "regions_unexplored:recipes/transportation/redwood_chest_boat": {
    "criteria": {
      "has_boat": "2024-08-08 21:09:07 +0000"
    },
    "done": true
  },
  "biomeswevegone:recipes/transportation/maple_chest_boat": {
    "criteria": {
      "has_boat": "2024-08-08 21:09:07 +0000"
    },
    "done": true
  },
  "natures_spirit:recipes/transportation/wisteria_chest_boat": {
    "criteria": {
      "has_boat": "2024-08-08 21:09:07 +0000"
    },
    "done": true
  },
  "regions_unexplored:recipes/transportation/kapok_chest_boat": {
    "criteria": {
      "has_boat": "2024-08-08 21:09:07 +0000"
    },
    "done": true
  },
  "natures_spirit:recipes/transportation/maple_chest_boat": {
    "criteria": {
      "has_boat": "2024-08-08 21:09:07 +0000"
    },
    "done": true
  },
  "natures_spirit:recipes/transportation/coconut_chest_boat": {
    "criteria": {
      "has_boat": "2024-08-08 21:09:07 +0000"
    },
    "done": true
  },
  "regions_unexplored:recipes/transportation/magnolia_chest_boat": {
    "criteria": {
      "has_boat": "2024-08-08 21:09:07 +0000"
    },
    "done": true
  },
  "regions_unexplored:recipes/transportation/socotra_chest_boat": {
    "criteria": {
      "has_boat": "2024-08-08 21:09:07 +0000"
    },
    "done": true
  },
  "regions_unexplored:recipes/transportation/pine_chest_boat": {
    "criteria": {
      "has_boat": "2024-08-08 21:09:07 +0000"
    },
    "done": true
  },
  "regions_unexplored:recipes/transportation/palm_chest_boat": {
    "criteria": {
      "has_boat": "2024-08-08 21:09:07 +0000"
    },
    "done": true
  },
  "biomeswevegone:recipes/transportation/cika_chest_boat": {
    "criteria": {
      "has_boat": "2024-08-08 21:09:07 +0000"
    },
    "done": true
  },
  "minecraft:recipes/transportation/acacia_chest_boat": {
    "criteria": {
      "has_boat": "2024-08-08 21:09:07 +0000"
    },
    "done": true
  },
  "biomeswevegone:recipes/transportation/mahogany_chest_boat": {
    "criteria": {
      "has_boat": "2024-08-08 21:09:07 +0000"
    },
    "done": true
  },
  "biomeswevegone:recipes/transportation/florus_chest_boat": {
    "criteria": {
      "has_boat": "2024-08-08 21:09:07 +0000"
    },
    "done": true
  },
  "natures_spirit:recipes/transportation/mahogany_chest_boat": {
    "criteria": {
      "has_boat": "2024-08-08 21:09:07 +0000"
    },
    "done": true
  },
  "regions_unexplored:recipes/transportation/eucalyptus_chest_boat": {
    "criteria": {
      "has_boat": "2024-08-08 21:09:07 +0000"
    },
    "done": true
  },
  "minecraft:recipes/transportation/cherry_chest_boat": {
    "criteria": {
      "has_boat": "2024-08-08 21:09:07 +0000"
    },
    "done": true
  },
  "minecraft:recipes/transportation/birch_chest_boat": {
    "criteria": {
      "has_boat": "2024-08-08 21:09:07 +0000"
    },
    "done": true
  },
  "biomeswevegone:recipes/transportation/baobab_chest_boat": {
    "criteria": {
      "has_boat": "2024-08-08 21:09:07 +0000"
    },
    "done": true
  },
  "regions_unexplored:recipes/transportation/joshua_chest_boat": {
    "criteria": {
      "has_boat": "2024-08-08 21:09:07 +0000"
    },
    "done": true
  },
  "biomeswevegone:recipes/transportation/cypress_chest_boat": {
    "criteria": {
      "has_boat": "2024-08-08 21:09:07 +0000"
    },
    "done": true
  },
  "biomeswevegone:recipes/transportation/blue_enchanted_chest_boat": {
    "criteria": {
      "has_boat": "2024-08-08 21:09:07 +0000"
    },
    "done": true
  },
  "biomeswevegone:recipes/transportation/witch_hazel_chest_boat": {
    "criteria": {
      "has_boat": "2024-08-08 21:09:07 +0000"
    },
    "done": true
  },
  "minecraft:recipes/transportation/dark_oak_chest_boat": {
    "criteria": {
      "has_boat": "2024-08-08 21:09:07 +0000"
    },
    "done": true
  },
  "regions_unexplored:recipes/transportation/cypress_chest_boat": {
    "criteria": {
      "has_boat": "2024-08-08 21:09:07 +0000"
    },
    "done": true
  },
  "biomeswevegone:recipes/transportation/skyris_chest_boat": {
    "criteria": {
      "has_boat": "2024-08-08 21:09:07 +0000"
    },
    "done": true
  },
  "biomeswevegone:recipes/transportation/redwood_chest_boat": {
    "criteria": {
      "has_boat": "2024-08-08 21:09:07 +0000"
    },
    "done": true
  },
  "regions_unexplored:recipes/transportation/dead_chest_boat": {
    "criteria": {
      "has_boat": "2024-08-08 21:09:07 +0000"
    },
    "done": true
  },
  "biomeswevegone:recipes/transportation/white_mangrove_chest_boat": {
    "criteria": {
      "has_boat": "2024-08-08 21:09:07 +0000"
    },
    "done": true
  },
  "natures_spirit:recipes/transportation/sugi_chest_boat": {
    "criteria": {
      "has_boat": "2024-08-08 21:09:07 +0000"
    },
    "done": true
  },
  "regions_unexplored:recipes/transportation/maple_chest_boat": {
    "criteria": {
      "has_boat": "2024-08-08 21:09:07 +0000"
    },
    "done": true
  },
  "natures_spirit:recipes/transportation/cedar_chest_boat": {
    "criteria": {
      "has_boat": "2024-08-08 21:09:07 +0000"
    },
    "done": true
  },
  "biomeswevegone:recipes/transportation/rainbow_eucalyptus_chest_boat": {
    "criteria": {
      "has_boat": "2024-08-08 21:09:07 +0000"
    },
    "done": true
  },
  "natures_spirit:recipes/transportation/olive_chest_boat": {
    "criteria": {
      "has_boat": "2024-08-08 21:09:07 +0000"
    },
    "done": true
  },
  "natures_spirit:recipes/transportation/joshua_chest_boat": {
    "criteria": {
      "has_boat": "2024-08-08 21:09:07 +0000"
    },
    "done": true
  },
  "natures_spirit:recipes/transportation/fir_chest_boat": {
    "criteria": {
      "has_boat": "2024-08-08 21:09:07 +0000"
    },
    "done": true
  },
  "natures_spirit:recipes/transportation/redwood_chest_boat": {
    "criteria": {
      "has_boat": "2024-08-08 21:09:07 +0000"
    },
    "done": true
  },
  "natures_spirit:recipes/transportation/aspen_chest_boat": {
    "criteria": {
      "has_boat": "2024-08-08 21:09:07 +0000"
    },
    "done": true
  },
  "biomeswevegone:recipes/transportation/fir_chest_boat": {
    "criteria": {
      "has_boat": "2024-08-08 21:09:07 +0000"
    },
    "done": true
  },
  "biomeswevegone:recipes/transportation/aspen_chest_boat": {
    "criteria": {
      "has_boat": "2024-08-08 21:09:07 +0000"
    },
    "done": true
  },
  "biomeswevegone:recipes/transportation/holly_chest_boat": {
    "criteria": {
      "has_boat": "2024-08-08 21:09:07 +0000"
    },
    "done": true
  },
  "biomeswevegone:biomeswevegone/adventure/root": {
    "criteria": {
      "biomeswevegone:temperate_grove": "2024-08-08 21:13:52 +0000"
    },
    "done": true
  },
  "biomeswevegone:biomeswevegone/adventure/oh_the_biomes_weve_gone": {
    "criteria": {
      "biomeswevegone:temperate_grove": "2024-08-08 21:13:52 +0000",
      "biomeswevegone:zelkova_forest": "2024-08-08 21:49:12 +0000",
      "biomeswevegone:maple_taiga": "2024-08-08 21:58:20 +0000",
      "biomeswevegone:basalt_barrera": "2024-08-08 21:23:01 +0000",
      "biomeswevegone:skyrise_vale": "2024-08-08 21:32:37 +0000"
    },
    "done": false
  },
  "vanilla_refresh:biome/birch_forest": {
    "criteria": {
      "requirement": "2024-08-08 21:22:28 +0000"
    },
    "done": true
  },
  "vanilla_refresh:biome/ocean": {
    "criteria": {
      "requirement": "2024-08-08 21:23:03 +0000"
    },
    "done": true
  },
  "minecraft:recipes/building_blocks/raw_iron_block": {
    "criteria": {
      "has_raw_iron": "2024-08-08 21:30:48 +0000"
    },
    "done": true
  },
  "minecraft:recipes/misc/iron_ingot_from_blasting_raw_iron": {
    "criteria": {
      "has_raw_iron": "2024-08-08 21:30:48 +0000"
    },
    "done": true
  },
  "minecraft:recipes/misc/iron_ingot_from_smelting_raw_iron": {
    "criteria": {
      "has_raw_iron": "2024-08-08 21:30:48 +0000"
    },
    "done": true
  },
  "regions_unexplored:regions_explored": {
    "criteria": {
      "maple_forest": "2024-08-08 21:57:48 +0000",
      "boreal_forest": "2024-08-08 21:34:21 +0000",
      "golden_boreal_taiga": "2024-08-08 21:32:32 +0000"
    },
    "done": false
  },
  "regions_unexplored:pioneer": {
    "criteria": {
      "maple_forest": "2024-08-08 21:57:48 +0000",
      "boreal_forest": "2024-08-08 21:34:21 +0000",
      "golden_boreal_taiga": "2024-08-08 21:32:32 +0000"
    },
    "done": false
  },
  "biomeswevegone:recipes/building_blocks/skyris_wood": {
    "criteria": {
      "has_log": "2024-08-08 21:32:44 +0000"
    },
    "done": true
  },
  "biomeswevegone:recipes/building_blocks/skyris_planks": {
    "criteria": {
      "has_log": "2024-08-08 21:32:44 +0000"
    },
    "done": true
  },
  "biomeswevegone:recipes/redstone/skyris_fence_gate": {
    "criteria": {
      "has_planks": "2024-08-08 21:33:04 +0000"
    },
    "done": true
  },
  "biomeswevegone:recipes/building_blocks/skyris_stairs": {
    "criteria": {
      "has_planks": "2024-08-08 21:33:04 +0000"
    },
    "done": true
  },
  "biomeswevegone:recipes/decorations/skyris_sign": {
    "criteria": {
      "has_planks": "2024-08-08 21:33:04 +0000"
    },
    "done": true
  },
  "biomeswevegone:recipes/building_blocks/skyris_bookshelf": {
    "criteria": {
      "has_skyris_planks": "2024-08-08 21:33:04 +0000"
    },
    "done": true
  },
  "biomeswevegone:recipes/redstone/skyris_button": {
    "criteria": {
      "has_planks": "2024-08-08 21:33:04 +0000"
    },
    "done": true
  },
  "biomeswevegone:recipes/redstone/skyris_door": {
    "criteria": {
      "has_planks": "2024-08-08 21:33:04 +0000"
    },
    "done": true
  },
  "biomeswevegone:recipes/building_blocks/skyris_slab": {
    "criteria": {
      "has_planks": "2024-08-08 21:33:04 +0000"
    },
    "done": true
  },
  "biomeswevegone:recipes/redstone/skyris_trapdoor": {
    "criteria": {
      "has_planks": "2024-08-08 21:33:04 +0000"
    },
    "done": true
  },
  "biomeswevegone:recipes/redstone/skyris_pressure_plate": {
    "criteria": {
      "has_planks": "2024-08-08 21:33:04 +0000"
    },
    "done": true
  },
  "biomeswevegone:recipes/decorations/skyris_fence": {
    "criteria": {
      "has_planks": "2024-08-08 21:33:04 +0000"
    },
    "done": true
  },
  "biomeswevegone:recipes/decorations/skyris_crafting_table": {
    "criteria": {
      "has_skyris_planks": "2024-08-08 21:33:04 +0000"
    },
    "done": true
  },
  "minecraft:recipes/food/baked_potato_from_campfire_cooking": {
    "criteria": {
      "has_potato": "2024-08-08 21:34:07 +0000"
    },
    "done": true
  },
  "minecraft:recipes/food/baked_potato": {
    "criteria": {
      "has_potato": "2024-08-08 21:34:07 +0000"
    },
    "done": true
  },
  "minecraft:recipes/food/baked_potato_from_smoking": {
    "criteria": {
      "has_potato": "2024-08-08 21:34:07 +0000"
    },
    "done": true
  },
  "minecraft:recipes/food/cooked_salmon_from_campfire_cooking": {
    "criteria": {
      "has_salmon": "2024-08-08 21:34:11 +0000"
    },
    "done": true
  },
  "minecraft:recipes/food/cooked_salmon": {
    "criteria": {
      "has_salmon": "2024-08-08 21:34:11 +0000"
    },
    "done": true
  },
  "minecraft:recipes/food/cooked_salmon_from_smoking": {
    "criteria": {
      "has_salmon": "2024-08-08 21:34:11 +0000"
    },
    "done": true
  },
  "biomeswevegone:biomeswevegone/husbandry/granny_smith": {
    "criteria": {
      "green_apple": "2024-08-08 21:37:07 +0000"
    },
    "done": true
  },
  "biomeswevegone:biomeswevegone/husbandry/johnny_appleseed": {
    "criteria": {
      "green_apple": "2024-08-08 21:37:07 +0000"
    },
    "done": false
  },
  "biomeswevegone:recipes/food/green_apple_pie": {
    "criteria": {
      "has_green_apple": "2024-08-08 21:37:07 +0000"
    },
    "done": true
  },
  "biomeswevegone:recipes/misc/pink_dye_from_bwg_tag": {
    "criteria": {
      "TagKey[minecraft:item / biomeswevegone:dye/makes_pink_dye]": "2024-08-08 21:37:50 +0000"
    },
    "done": true
  },
  "biomeswevegone:recipes/misc/purple_dye_from_bwg_tag": {
    "criteria": {
      "TagKey[minecraft:item / biomeswevegone:dye/makes_purple_dye]": "2024-08-08 21:46:32 +0000"
    },
    "done": true
  },
  "minecraft:recipes/decorations/red_glazed_terracotta": {
    "criteria": {
      "has_red_terracotta": "2024-08-08 21:46:32 +0000"
    },
    "done": true
  },
  "minecraft:recipes/decorations/blue_glazed_terracotta": {
    "criteria": {
      "has_blue_terracotta": "2024-08-08 21:46:32 +0000"
    },
    "done": true
  },
  "minecraft:recipes/misc/book": {
    "criteria": {
      "has_paper": "2024-08-08 21:47:10 +0000"
    },
    "done": true
  },
  "create:recipes/misc/crafting/schematics/schematic_and_quill": {
    "criteria": {
      "has_item": "2024-08-08 21:47:10 +0000"
    },
    "done": true
  },
  "create:recipes/misc/crafting/schematics/empty_schematic": {
    "criteria": {
      "has_item": "2024-08-08 21:47:10 +0000"
    },
    "done": true
  },
  "create:recipes/misc/crafting/materials/sand_paper": {
    "criteria": {
      "has_item": "2024-08-08 21:47:10 +0000"
    },
    "done": true
  },
  "create:recipes/misc/crafting/materials/red_sand_paper": {
    "criteria": {
      "has_item": "2024-08-08 21:47:10 +0000"
    },
    "done": true
  },
  "minecraft:recipes/decorations/cartography_table": {
    "criteria": {
      "has_paper": "2024-08-08 21:47:10 +0000"
    },
    "done": true
  },
  "vanilla_refresh:player/hurt": {
    "criteria": {
      "requirement": "2024-08-08 21:52:25 +0000"
    },
    "done": true
  },
  "travelersbackpack:recipes/misc/coal": {
    "criteria": {
      "has_coal": "2024-08-08 21:54:08 +0000"
    },
    "done": true
  },
  "minecraft:recipes/redstone/target": {
    "criteria": {
      "has_hay_block": "2024-08-08 21:54:12 +0000"
    },
    "done": true
  },
  "minecraft:recipes/misc/wheat": {
    "criteria": {
      "has_hay_block": "2024-08-08 21:54:12 +0000"
    },
    "done": true
  },
  "minecraft:recipes/food/bread": {
    "criteria": {
      "has_wheat": "2024-08-08 21:54:17 +0000"
    },
    "done": true
  },
  "minecraft:recipes/building_blocks/hay_block": {
    "criteria": {
      "has_wheat": "2024-08-08 21:54:17 +0000"
    },
    "done": true
  },
  "travelersbackpack:recipes/misc/hay": {
    "criteria": {
      "has_wheat": "2024-08-08 21:54:17 +0000"
    },
    "done": true
  },
  "minecraft:recipes/food/cooked_mutton_from_smoking": {
    "criteria": {
      "has_the_recipe": "2024-08-08 21:57:06 +0000"
    },
    "done": true
  },
  "travelersbackpack:recipes/misc/pumpkin": {
    "criteria": {
      "has_pumpkin": "2024-08-08 21:58:00 +0000"
    },
    "done": true
  },
  "minecraft:recipes/food/pumpkin_pie": {
    "criteria": {
      "has_pumpkin": "2024-08-08 21:58:00 +0000"
    },
    "done": true
  },
  "minecraft:recipes/misc/pumpkin_seeds": {
    "criteria": {
      "has_pumpkin": "2024-08-08 21:58:00 +0000"
    },
    "done": true
  },
  "minecraft:recipes/food/cooked_porkchop": {
    "criteria": {
      "has_porkchop": "2024-08-08 21:58:21 +0000"
    },
    "done": true
  },
  "minecraft:recipes/food/cooked_porkchop_from_smoking": {
    "criteria": {
      "has_porkchop": "2024-08-08 21:58:21 +0000"
    },
    "done": true
  },
  "travelersbackpack:recipes/misc/pig": {
    "criteria": {
      "has_porkchop": "2024-08-08 21:58:21 +0000"
    },
    "done": true
  },
  "minecraft:recipes/food/cooked_porkchop_from_campfire_cooking": {
    "criteria": {
      "has_porkchop": "2024-08-08 21:58:21 +0000"
    },
    "done": true
  },
  "travelersbackpack:recipes/misc/fox": {
    "criteria": {
      "has_sweet_berries": "2024-08-08 21:58:36 +0000"
    },
    "done": true
  },
  "incendium:technical/sentrys_wrath": {
    "criteria": {
      "log_spam_fixer": "2024-08-08 22:30:28 +0000"
    },
    "done": false
  },
  "incendium:technical/on_player_hurt": {
    "criteria": {
      "log_spam_fixer": "2024-08-08 22:30:28 +0000"
    },
    "done": false
  },
  "incendium:technical/on_kill": {
    "criteria": {
      "log_spam_fixer": "2024-08-08 22:30:28 +0000"
    },
    "done": false
  },
  "incendium:technical/on_inventory_change": {
    "criteria": {
      "log_spam_fixer": "2024-08-08 22:30:28 +0000"
    },
    "done": false
  },
  "incendium:technical/holy_wrath": {
    "criteria": {
      "log_spam_fixer": "2024-08-08 22:30:28 +0000"
    },
    "done": false
  },
  "incendium:technical/on_block": {
    "criteria": {
      "log_spam_fixer": "2024-08-08 22:30:28 +0000"
    },
    "done": false
  },
  "incendium:technical/inventory/sentrys_wrath": {
    "criteria": {
      "log_spam_fixer": "2024-08-08 22:30:28 +0000"
    },
    "done": false
  },
  "incendium:technical/feed_ghastling": {
    "criteria": {
      "log_spam_fixer": "2024-08-08 22:30:28 +0000"
    },
    "done": false
  },
  "incendium:technical/firestorm": {
    "criteria": {
      "log_spam_fixer": "2024-08-08 22:30:28 +0000"
    },
    "done": false
  },
  "incendium:technical/inventory/firestorm": {
    "criteria": {
      "log_spam_fixer": "2024-08-08 22:30:28 +0000"
    },
    "done": false
  },
  "incendium:technical/give_ghastling": {
    "criteria": {
      "log_spam_fixer": "2024-08-08 22:30:28 +0000"
    },
    "done": false
  },
  "incendium:technical/multiplex_crossbow": {
    "criteria": {
      "log_spam_fixer": "2024-08-08 22:30:28 +0000"
    },
    "done": false
  },
  "DataVersion": 3465
}